employeeId;DH020001;DH020022;DH020024;DH020021;DH020008;DH020023;DH020019;DH020018;DH020004;DH020009;DH000003;DH020089;DH020025;DH020026;Sum;
DH00001;0;0;0;0;0;0;0;0;0;0;0;0;0;0;"DH00001;0;0;0;0;0;0;0;0;0;0;0;0;0;0";
DH00002;0;0;0;0;0;0;0;0;0;0;0;0;0;0;"DH00002;0;0;0;0;0;0;0;0;0;0;0;0;0;0";
DH00003;0;0;0;0;0;0;0;0;0;0;0;0;0;0;"DH00003;0;0;0;0;0;0;0;0;0;0;0;0;0;0";
DH00004;0;0;0;0;0;0;0;0;0;0;0;0;0;0;"DH00004;0;0;0;0;0;0;0;0;0;0;0;0;0;0";
DH00005;0;0;0;0;0;0;0;0;0;0;0;0;0;0;"DH00005;0;0;0;0;0;0;0;0;0;0;0;0;0;0";
DH00007;0;0;0;0;0;0;0;0;0;0;0;0;0;0;"DH00007;0;0;0;0;0;0;0;0;0;0;0;0;0;0";
DH00008;0;0;0;0;0;0;0;0;0;0;0;0;0;0;"DH00008;0;0;0;0;0;0;0;0;0;0;0;0;0;0";
DH00009;0;0;0;0;0;0;0;0;0;0;0;0;0;0;"DH00009;0;0;0;0;0;0;0;0;0;0;0;0;0;0";
DH00010;0;0;0;0;0;0;0;0;0;0;0;0;0;0;"DH00010;0;0;0;0;0;0;0;0;0;0;0;0;0;0";
DH00011;0;0;0;0;0;0;0;0;0;0;0;0;0;0;"DH00011;0;0;0;0;0;0;0;0;0;0;0;0;0;0";
DH00012;0;0;0;0;0;0;0;0;0;0;0;0;0;0;"DH00012;0;0;0;0;0;0;0;0;0;0;0;0;0;0";
DH00014;0;0;0;0;0;0;0;0;0;0;0;0;0;0;"DH00014;0;0;0;0;0;0;0;0;0;0;0;0;0;0";
DH00015;0;0;0;0;0;0;0;0;0;0;0;0;0;0;"DH00015;0;0;0;0;0;0;0;0;0;0;0;0;0;0";
DH00016;0;0;0;0;0;0;0;0;0;0;0;0;0;0;"DH00016;0;0;0;0;0;0;0;0;0;0;0;0;0;0";
DH00017;0;0;0;0;0;0;0;0;0;0;0;0;0;0;"DH00017;0;0;0;0;0;0;0;0;0;0;0;0;0;0";
DH00018;0;0;0;0;0;0;0;0;0;0;0;0;0;0;"DH00018;0;0;0;0;0;0;0;0;0;0;0;0;0;0";
DH00019;0;0;0;0;0;0;0;0;0;0;0;0;0;0;"DH00019;0;0;0;0;0;0;0;0;0;0;0;0;0;0";
DH00020;0;0;0;0;0;0;0;0;0;0;0;0;0;0;"DH00020;0;0;0;0;0;0;0;0;0;0;0;0;0;0";
DH00022;0;0;0;0;0;0;0;0;0;0;0;0;0;0;"DH00022;0;0;0;0;0;0;0;0;0;0;0;0;0;0";
DH00024;0;0;0;0;0;0;0;0;0;0;0;0;0;0;"DH00024;0;0;0;0;0;0;0;0;0;0;0;0;0;0";
DH00025;0;0;0;0;0;0;0;0;0;0;0;0;0;0;"DH00025;0;0;0;0;0;0;0;0;0;0;0;0;0;0";
DH00026;0;0;0;0;0;0;0;0;0;0;0;0;0;0;"DH00026;0;0;0;0;0;0;0;0;0;0;0;0;0;0";
DH00030;0;0;0;0;0;0;0;0;0;0;0;0;0;0;"DH00030;0;0;0;0;0;0;0;0;0;0;0;0;0;0";
DH00031;0;0;0;0;0;0;0;0;0;0;0;0;0;0;"DH00031;0;0;0;0;0;0;0;0;0;0;0;0;0;0";
DH00032;0;0;0;0;0;0;0;0;0;0;0;0;0;0;"DH00032;0;0;0;0;0;0;0;0;0;0;0;0;0;0";
DH00033;0;0;0;0;0;0;0;0;0;0;0;0;0;0;"DH00033;0;0;0;0;0;0;0;0;0;0;0;0;0;0";
DH00035;0;0;0;0;0;0;0;0;0;0;0;0;0;0;"DH00035;0;0;0;0;0;0;0;0;0;0;0;0;0;0";
DH00039;0;0;0;0;0;0;0;0;0;0;0;0;0;0;"DH00039;0;0;0;0;0;0;0;0;0;0;0;0;0;0";
DH00043;0;0;0;0;0;0;0;0;0;0;0;0;0;0;"DH00043;0;0;0;0;0;0;0;0;0;0;0;0;0;0";
DH00044;0;0;0;0;0;0;0;0;0;0;0;0;0;0;"DH00044;0;0;0;0;0;0;0;0;0;0;0;0;0;0";
DH00046;0;0;0;0;0;0;0;0;0;0;0;0;0;0;"DH00046;0;0;0;0;0;0;0;0;0;0;0;0;0;0";
DH00049;0;0;0;0;0;0;0;0;0;0;0;0;0;0;"DH00049;0;0;0;0;0;0;0;0;0;0;0;0;0;0";
DH00051;0;0;0;0;0;0;0;0;0;0;0;0;0;0;"DH00051;0;0;0;0;0;0;0;0;0;0;0;0;0;0";
DH00054;0;0;0;0;0;0;0;0;0;0;0;0;0;0;"DH00054;0;0;0;0;0;0;0;0;0;0;0;0;0;0";
DH00055;0;0;0;0;0;0;0;0;0;0;0;0;0;0;"DH00055;0;0;0;0;0;0;0;0;0;0;0;0;0;0";
DH00057;0;0;0;0;0;0;0;0;0;0;0;0;0;0;"DH00057;0;0;0;0;0;0;0;0;0;0;0;0;0;0";
DH00058;0;0;0;0;0;0;0;0;0;0;0;0;0;0;"DH00058;0;0;0;0;0;0;0;0;0;0;0;0;0;0";
DH00059;0;0;0;0;0;0;0;0;0;0;0;0;0;0;"DH00059;0;0;0;0;0;0;0;0;0;0;0;0;0;0";
DH00060;0;0;0;0;0;0;0;0;0;0;0;0;0;0;"DH00060;0;0;0;0;0;0;0;0;0;0;0;0;0;0";
DH00061;0;0;0;0;0;0;0;0;0;0;0;0;0;0;"DH00061;0;0;0;0;0;0;0;0;0;0;0;0;0;0";
DH00064;0;0;0;0;0;0;0;0;0;0;0;0;0;0;"DH00064;0;0;0;0;0;0;0;0;0;0;0;0;0;0";
DH00065;0;0;0;0;0;0;0;0;0;0;0;0;0;0;"DH00065;0;0;0;0;0;0;0;0;0;0;0;0;0;0";
DH00067;0;0;0;0;0;0;0;0;0;0;0;0;0;0;"DH00067;0;0;0;0;0;0;0;0;0;0;0;0;0;0";
DH00068;0;0;0;0;0;0;0;0;0;0;0;0;0;0;"DH00068;0;0;0;0;0;0;0;0;0;0;0;0;0;0";
DH00072;0;0;0;0;0;0;0;0;0;0;0;0;0;0;"DH00072;0;0;0;0;0;0;0;0;0;0;0;0;0;0";
DH00073;0;0;0;0;0;0;0;0;0;0;0;0;0;0;"DH00073;0;0;0;0;0;0;0;0;0;0;0;0;0;0";
DH00075;0;0;0;0;0;0;0;0;0;0;0;0;0;0;"DH00075;0;0;0;0;0;0;0;0;0;0;0;0;0;0";
DH00076;0;0;0;0;0;0;0;0;0;0;0;0;0;0;"DH00076;0;0;0;0;0;0;0;0;0;0;0;0;0;0";
DH00079;0;0;0;0;0;0;0;0;0;0;0;0;0;0;"DH00079;0;0;0;0;0;0;0;0;0;0;0;0;0;0";
DH00080;0;0;0;0;0;0;0;0;0;0;0;0;0;0;"DH00080;0;0;0;0;0;0;0;0;0;0;0;0;0;0";
DH00083;0;0;0;0;0;0;0;0;0;0;0;0;0;0;"DH00083;0;0;0;0;0;0;0;0;0;0;0;0;0;0";
DH00085;0;0;0;0;0;0;0;0;0;0;0;0;0;0;"DH00085;0;0;0;0;0;0;0;0;0;0;0;0;0;0";
DH00086;0;0;0;0;0;0;0;0;0;0;0;0;0;0;"DH00086;0;0;0;0;0;0;0;0;0;0;0;0;0;0";
DH00087;0;0;0;0;0;0;0;0;0;0;0;0;0;0;"DH00087;0;0;0;0;0;0;0;0;0;0;0;0;0;0";
DH00088;0;0;0;0;0;0;0;0;0;0;0;0;0;0;"DH00088;0;0;0;0;0;0;0;0;0;0;0;0;0;0";
DH00089;0;0;0;0;0;0;0;0;0;0;0;0;0;0;"DH00089;0;0;0;0;0;0;0;0;0;0;0;0;0;0";
DH00091;0;0;0;0;0;0;0;0;0;0;0;0;0;0;"DH00091;0;0;0;0;0;0;0;0;0;0;0;0;0;0";
DH00094;0;0;0;0;0;0;0;0;0;0;0;0;0;0;"DH00094;0;0;0;0;0;0;0;0;0;0;0;0;0;0";
DH00096;0;0;0;0;0;0;0;0;0;0;0;0;0;0;"DH00096;0;0;0;0;0;0;0;0;0;0;0;0;0;0";
DH00097;0;0;0;0;0;0;0;0;0;0;0;0;0;0;"DH00097;0;0;0;0;0;0;0;0;0;0;0;0;0;0";
DH00103;0;0;0;0;0;0;0;0;0;0;0;0;0;0;"DH00103;0;0;0;0;0;0;0;0;0;0;0;0;0;0";
DH00106;0;0;0;0;0;0;0;0;0;0;0;0;0;0;"DH00106;0;0;0;0;0;0;0;0;0;0;0;0;0;0";
DH00107;0;0;0;0;0;0;0;0;0;0;0;0;0;0;"DH00107;0;0;0;0;0;0;0;0;0;0;0;0;0;0";
DH00109;0;0;0;0;0;0;0;0;0;0;0;0;0;0;"DH00109;0;0;0;0;0;0;0;0;0;0;0;0;0;0";
DH00111;0;0;0;0;0;0;0;0;0;0;0;0;0;0;"DH00111;0;0;0;0;0;0;0;0;0;0;0;0;0;0";
DH00113;0;0;0;0;0;0;0;0;0;0;0;0;0;0;"DH00113;0;0;0;0;0;0;0;0;0;0;0;0;0;0";
DH00114;0;0;0;0;0;0;0;0;0;0;0;0;0;0;"DH00114;0;0;0;0;0;0;0;0;0;0;0;0;0;0";
DH00120;0;0;0;0;0;0;0;0;0;0;0;0;0;0;"DH00120;0;0;0;0;0;0;0;0;0;0;0;0;0;0";
DH00124;0;0;0;0;0;0;0;0;0;0;0;0;0;0;"DH00124;0;0;0;0;0;0;0;0;0;0;0;0;0;0";
DH00128;0;0;0;0;0;0;0;0;0;0;0;0;0;0;"DH00128;0;0;0;0;0;0;0;0;0;0;0;0;0;0";
DH00132;0;0;0;0;0;0;0;0;0;0;0;0;0;0;"DH00132;0;0;0;0;0;0;0;0;0;0;0;0;0;0";
DH00133;0;0;0;0;0;0;0;0;0;0;0;0;0;0;"DH00133;0;0;0;0;0;0;0;0;0;0;0;0;0;0";
DH00134;0;0;0;0;0;0;0;0;0;0;0;0;0;0;"DH00134;0;0;0;0;0;0;0;0;0;0;0;0;0;0";
DH00135;0;0;0;0;0;0;0;0;0;0;0;0;0;0;"DH00135;0;0;0;0;0;0;0;0;0;0;0;0;0;0";
DH00136;0;0;0;0;0;0;0;0;0;0;0;0;0;0;"DH00136;0;0;0;0;0;0;0;0;0;0;0;0;0;0";
DH00137;0;0;0;0;0;0;0;0;0;0;0;0;0;0;"DH00137;0;0;0;0;0;0;0;0;0;0;0;0;0;0";
DH00140;0;0;0;0;0;0;0;0;0;0;0;0;0;0;"DH00140;0;0;0;0;0;0;0;0;0;0;0;0;0;0";
DH00146;0;0;0;0;0;0;0;0;0;0;0;0;0;0;"DH00146;0;0;0;0;0;0;0;0;0;0;0;0;0;0";
DH00150;0;0;0;0;0;0;0;0;0;0;0;0;0;0;"DH00150;0;0;0;0;0;0;0;0;0;0;0;0;0;0";
DH00151;0;0;0;0;0;0;0;0;0;0;0;0;0;0;"DH00151;0;0;0;0;0;0;0;0;0;0;0;0;0;0";
DH00153;0;0;0;0;0;0;0;0;0;0;0;0;0;0;"DH00153;0;0;0;0;0;0;0;0;0;0;0;0;0;0";
DH00155;0;0;0;0;0;0;0;0;0;0;0;0;0;0;"DH00155;0;0;0;0;0;0;0;0;0;0;0;0;0;0";
DH00157;0;0;0;0;0;0;0;0;0;0;0;0;0;0;"DH00157;0;0;0;0;0;0;0;0;0;0;0;0;0;0";
DH00158;0;0;0;0;0;0;0;0;0;0;0;0;0;0;"DH00158;0;0;0;0;0;0;0;0;0;0;0;0;0;0";
DH00160;0;0;0;0;0;0;0;0;0;0;0;0;0;0;"DH00160;0;0;0;0;0;0;0;0;0;0;0;0;0;0";
DH00161;0;0;0;0;0;0;0;0;0;0;0;0;0;0;"DH00161;0;0;0;0;0;0;0;0;0;0;0;0;0;0";
DH00162;0;0;0;0;0;0;0;0;0;0;0;0;0;0;"DH00162;0;0;0;0;0;0;0;0;0;0;0;0;0;0";
DH00165;0;0;0;0;0;0;0;0;0;0;0;0;0;0;"DH00165;0;0;0;0;0;0;0;0;0;0;0;0;0;0";
DH00171;0;0;0;0;0;0;0;0;0;0;0;0;0;0;"DH00171;0;0;0;0;0;0;0;0;0;0;0;0;0;0";
DH00175;0;0;0;0;0;0;0;0;0;0;0;0;0;0;"DH00175;0;0;0;0;0;0;0;0;0;0;0;0;0;0";
DH00176;0;0;0;0;0;0;0;0;0;0;0;0;0;0;"DH00176;0;0;0;0;0;0;0;0;0;0;0;0;0;0";
DH00177;0;0;0;0;0;0;0;0;0;0;0;0;0;0;"DH00177;0;0;0;0;0;0;0;0;0;0;0;0;0;0";
DH00178;0;0;0;0;0;0;0;0;0;0;0;0;0;0;"DH00178;0;0;0;0;0;0;0;0;0;0;0;0;0;0";
DH00180;0;0;0;0;0;0;0;0;0;0;0;0;0;0;"DH00180;0;0;0;0;0;0;0;0;0;0;0;0;0;0";
DH00183;0;0;0;0;0;0;0;0;0;0;0;0;0;0;"DH00183;0;0;0;0;0;0;0;0;0;0;0;0;0;0";
DH00184;0;0;0;0;0;0;0;0;0;0;0;0;0;0;"DH00184;0;0;0;0;0;0;0;0;0;0;0;0;0;0";
DH00185;0;0;0;0;0;0;0;0;0;0;0;0;0;0;"DH00185;0;0;0;0;0;0;0;0;0;0;0;0;0;0";
DH00188;0;0;0;0;0;0;0;0;0;0;0;0;0;0;"DH00188;0;0;0;0;0;0;0;0;0;0;0;0;0;0";
DH00196;0;0;0;0;0;0;0;0;0;0;0;0;0;0;"DH00196;0;0;0;0;0;0;0;0;0;0;0;0;0;0";
DH00197;0;0;0;0;0;0;0;0;0;0;0;0;0;0;"DH00197;0;0;0;0;0;0;0;0;0;0;0;0;0;0";
DH00199;0;0;0;0;0;0;0;0;0;0;0;0;0;0;"DH00199;0;0;0;0;0;0;0;0;0;0;0;0;0;0";
DH00204;0;0;0;0;0;0;0;0;0;0;0;0;0;0;"DH00204;0;0;0;0;0;0;0;0;0;0;0;0;0;0";
DH00206;0;0;0;0;0;0;0;0;0;0;0;0;0;0;"DH00206;0;0;0;0;0;0;0;0;0;0;0;0;0;0";
DH00207;0;0;0;0;0;0;0;0;0;0;0;0;0;0;"DH00207;0;0;0;0;0;0;0;0;0;0;0;0;0;0";
DH00208;0;0;0;0;0;0;0;0;0;0;0;0;0;0;"DH00208;0;0;0;0;0;0;0;0;0;0;0;0;0;0";
DH00211;0;0;0;0;0;0;0;0;0;0;0;0;0;0;"DH00211;0;0;0;0;0;0;0;0;0;0;0;0;0;0";
DH00215;0;0;0;0;0;0;0;0;0;0;0;0;0;0;"DH00215;0;0;0;0;0;0;0;0;0;0;0;0;0;0";
DH00218;0;0;0;0;0;0;0;0;0;0;0;0;0;0;"DH00218;0;0;0;0;0;0;0;0;0;0;0;0;0;0";
DH00223;0;0;0;0;0;0;0;0;0;0;0;0;0;0;"DH00223;0;0;0;0;0;0;0;0;0;0;0;0;0;0";
DH00224;0;0;0;0;0;0;0;0;0;0;0;0;0;0;"DH00224;0;0;0;0;0;0;0;0;0;0;0;0;0;0";
DH00225;0;0;0;0;0;0;0;0;0;0;0;0;0;0;"DH00225;0;0;0;0;0;0;0;0;0;0;0;0;0;0";
DH00227;0;0;0;0;0;0;0;0;0;0;0;0;0;0;"DH00227;0;0;0;0;0;0;0;0;0;0;0;0;0;0";
DH00230;0;0;0;0;0;0;0;0;0;0;0;0;0;0;"DH00230;0;0;0;0;0;0;0;0;0;0;0;0;0;0";
DH00233;0;0;0;0;0;0;0;0;0;0;0;0;0;0;"DH00233;0;0;0;0;0;0;0;0;0;0;0;0;0;0";
DH00234;0;0;0;0;0;0;0;0;0;0;0;0;0;0;"DH00234;0;0;0;0;0;0;0;0;0;0;0;0;0;0";
DH00236;0;0;0;0;0;0;0;0;0;0;0;0;0;0;"DH00236;0;0;0;0;0;0;0;0;0;0;0;0;0;0";
DH00239;0;0;0;0;0;0;0;0;0;0;0;0;0;0;"DH00239;0;0;0;0;0;0;0;0;0;0;0;0;0;0";
DH00244;0;0;0;0;0;0;0;0;0;0;0;0;0;0;"DH00244;0;0;0;0;0;0;0;0;0;0;0;0;0;0";
DH00245;0;0;0;0;0;0;0;0;0;0;0;0;0;0;"DH00245;0;0;0;0;0;0;0;0;0;0;0;0;0;0";
DH00246;0;0;0;5.5;0;0;0;0;0;0;0;0;0;0;"DH00246;0;0;0;5,5;0;0;0;0;0;0;0;0;0;0";
DH00247;0;0;0;0;0;0;0;0;0;0;0;0;0;0;"DH00247;0;0;0;0;0;0;0;0;0;0;0;0;0;0";
DH00248;0;0;0;0;0;0;0;0;0;0;0;0;0;0;"DH00248;0;0;0;0;0;0;0;0;0;0;0;0;0;0";
DH00249;0;0;0;0;0;0;0;0;0;0;0;0;0;0;"DH00249;0;0;0;0;0;0;0;0;0;0;0;0;0;0";
DH00254;0;0;0;5;0;0;0;0;0;0;0;0;0;0;"DH00254;0;0;0;5;0;0;0;0;0;0;0;0;0;0";
DH00251;0;0;0;0;0;0;0;0;0;0;0;0;0;0;"DH00251;0;0;0;0;0;0;0;0;0;0;0;0;0;0";
DH00252;0;0;0;0;0;0;0;0;0;0;0;0;0;0;"DH00252;0;0;0;0;0;0;0;0;0;0;0;0;0;0";
DH00253;0;0;0;0;0;0;0;0;0;0;0;0;0;0;"DH00253;0;0;0;0;0;0;0;0;0;0;0;0;0;0";
DH00257;0;0;0;0;0;0;0;0;0;0;0;0;0;0;"DH00257;0;0;0;0;0;0;0;0;0;0;0;0;0;0";
DH00258;0;0;0;0;0;0;0;0;0;0;0;0;0;0;"DH00258;0;0;0;0;0;0;0;0;0;0;0;0;0;0";
DH00259;0;0;0;0;0;0;0;0;0;0;0;0;0;0;"DH00259;0;0;0;0;0;0;0;0;0;0;0;0;0;0";
DH00260;0;0;0;0;0;0;0;0;0;0;0;0;0;0;"DH00260;0;0;0;0;0;0;0;0;0;0;0;0;0;0";
DH00261;0;0;0;0;0;0;0;0;0;0;0;0;0;0;"DH00261;0;0;0;0;0;0;0;0;0;0;0;0;0;0";
DH00262;0;0;0;0;0;0;0;0;0;0;0;0;0;0;"DH00262;0;0;0;0;0;0;0;0;0;0;0;0;0;0";
DH00265;0;0;0;0;0;0;0;0;0;0;0;0;0;0;"DH00265;0;0;0;0;0;0;0;0;0;0;0;0;0;0";
DH00267;0;0;0;0;0;0;0;0;0;0;0;0;0;0;"DH00267;0;0;0;0;0;0;0;0;0;0;0;0;0;0";
DH00269;0;0;0;0;0;0;0;0;0;0;0;0;0;0;"DH00269;0;0;0;0;0;0;0;0;0;0;0;0;0;0";
DH00270;0;0;0;0;0;0;0;0;0;0;0;0;0;0;"DH00270;0;0;0;0;0;0;0;0;0;0;0;0;0;0";
DH00271;0;0;0;0;0;0;0;0;0;0;0;0;0;0;"DH00271;0;0;0;0;0;0;0;0;0;0;0;0;0;0";
DH00272;0;0;0;0;0;0;0;0;0;0;0;0;0;0;"DH00272;0;0;0;0;0;0;0;0;0;0;0;0;0;0";
DH00274;0;0;0;0;0;0;0;0;0;0;0;0;0;0;"DH00274;0;0;0;0;0;0;0;0;0;0;0;0;0;0";
DH00275;0;0;0;0;0;0;0;0;0;0;0;0;0;0;"DH00275;0;0;0;0;0;0;0;0;0;0;0;0;0;0";
DH00277;0;0;0;0;0;0;0;0;0;0;0;0;0;0;"DH00277;0;0;0;0;0;0;0;0;0;0;0;0;0;0";
DH00278;0;0;0;0;0;0;0;0;0;0;0;0;0;0;"DH00278;0;0;0;0;0;0;0;0;0;0;0;0;0;0";
DH00279;0;0;0;0;0;0;0;0;0;0;0;0;0;0;"DH00279;0;0;0;0;0;0;0;0;0;0;0;0;0;0";
DH00280;0;0;0;0;0;0;0;0;0;0;0;0;0;0;"DH00280;0;0;0;0;0;0;0;0;0;0;0;0;0;0";
DH00283;0;0;0;0;0;0;0;0;0;0;0;0;0;0;"DH00283;0;0;0;0;0;0;0;0;0;0;0;0;0;0";
DH00285;0;0;0;0;0;0;0;0;0;0;0;0;0;0;"DH00285;0;0;0;0;0;0;0;0;0;0;0;0;0;0";
DH00286;0;0;0;0;0;0;0;0;0;0;0;0;0;0;"DH00286;0;0;0;0;0;0;0;0;0;0;0;0;0;0";
DH00287;0;0;0;0;0;0;0;0;0;0;0;0;0;0;"DH00287;0;0;0;0;0;0;0;0;0;0;0;0;0;0";
DH00288;0;0;0;0;0;0;0;0;0;0;0;0;0;0;"DH00288;0;0;0;0;0;0;0;0;0;0;0;0;0;0";
DH00289;0;0;0;0;0;0;0;0;0;0;0;0;0;0;"DH00289;0;0;0;0;0;0;0;0;0;0;0;0;0;0";
DH00290;0;0;0;0;0;0;0;0;0;0;0;0;0;0;"DH00290;0;0;0;0;0;0;0;0;0;0;0;0;0;0";