employeeId;LT020001;LT020022;LT020024;LT020021;LT020008;LT020023;LT020019;LT020018;LT020004;LT020009;LT000003;LT020089;LT020025;LT020026;Sum
LT00050;0;0;0;6;0;0;0;0;0;0;0;0;0;0;"LT00050;0;0;0;6;0;0;0;0;0;0;0;0;0;0"
LT01126;0;0;0;0;0;0;0;0;0;0;0;0;0;0;"LT01126;0;0;0;0;0;0;0;0;0;0;0;0;0;0"
LT01272;0;0;0;0;0;0;0;0;0;0;0;0;0;0;"LT01272;0;0;0;0;0;0;0;0;0;0;0;0;0;0"
LT01273;0;0;0;10;0;0;0;0;0;0;0;0;0;0;"LT01273;0;0;0;10;0;0;0;0;0;0;0;0;0;0"
LT00552;0;0;0;0;0;0;0;0;0;0;0;0;0;0;"LT00552;0;0;0;0;0;0;0;0;0;0;0;0;0;0"
LT03483;0;0;0;6;0;0;0;0;0;0;0;0;0;0;"LT03483;0;0;0;6;0;0;0;0;0;0;0;0;0;0"
LT00452;0;0;0;3;0;0;0;0;0;0;0;0;0;0;"LT00452;0;0;0;3;0;0;0;0;0;0;0;0;0;0"
LT00905;0;0;0;3;0;0;0;0;0;0;0;0;0;0;"LT00905;0;0;0;3;0;0;0;0;0;0;0;0;0;0"
LT00906;0;0;0;2;0;0;0;0;0;0;0;0;0;0;"LT00906;0;0;0;2;0;0;0;0;0;0;0;0;0;0"
LT01766;0;0;0;0;0;0;0;0;0;0;0;0;0;0;"LT01766;0;0;0;0;0;0;0;0;0;0;0;0;0;0"
LT02736;0;0;0;1;0;0;0;0;0;0;0;0;0;0;"LT02736;0;0;0;1;0;0;0;0;0;0;0;0;0;0"
LT02835;0;0;0;2;0;0;0;0;0;0;0;0;0;0;"LT02835;0;0;0;2;0;0;0;0;0;0;0;0;0;0"
LT02944;0;0;0;0;0;0;0;0;0;0;0;0;0;0;"LT02944;0;0;0;0;0;0;0;0;0;0;0;0;0;0"
LT03771;0;0;0;0;0;0;0;0;0;0;0;0;0;0;"LT03771;0;0;0;0;0;0;0;0;0;0;0;0;0;0"
LT03813;0;0;0;0;0;0;0;0;0;0;0;0;0;0;"LT03813;0;0;0;0;0;0;0;0;0;0;0;0;0;0"
LT00824;0;0;0;1;0;0;0;0;0;0;0;0;0;0;"LT00824;0;0;0;1;0;0;0;0;0;0;0;0;0;0"
LT01709;0;0;0;0;0;0;0;0;0;0;0;0;0;0;"LT01709;0;0;0;0;0;0;0;0;0;0;0;0;0;0"
LT03769;0;0;0;0;0;0;0;0;0;0;0;0;0;0;"LT03769;0;0;0;0;0;0;0;0;0;0;0;0;0;0"
LT00866;0;0;0;1;0;0;0;0;0;0;0;0;0;0;"LT00866;0;0;0;1;0;0;0;0;0;0;0;0;0;0"
LT01137;0;0;0;0;0;0;0;0;0;0;0;0;0;0;"LT01137;0;0;0;0;0;0;0;0;0;0;0;0;0;0"
LT00099;0;0;0;0;0;0;0;0;0;0;0;0;0;0;"LT00099;0;0;0;0;0;0;0;0;0;0;0;0;0;0"
LT00101;0;0;0;12;0;0;0;0;0;0;0;0;0;0;"LT00101;0;0;0;12;0;0;0;0;0;0;0;0;0;0"
LT00210;0;0;0;12;0;0;0;0;0;0;0;0;0;0;"LT00210;0;0;0;12;0;0;0;0;0;0;0;0;0;0"
LT00243;0;0;0;6;0;0;0;0;0;0;0;0;0;0;"LT00243;0;0;0;6;0;0;0;0;0;0;0;0;0;0"
LT00274;0;0;0;2;0;0;0;0;0;0;0;0;0;0;"LT00274;0;0;0;2;0;0;0;0;0;0;0;0;0;0"
LT00487;0;0;0;3;0;0;0;0;0;0;0;0;0;0;"LT00487;0;0;0;3;0;0;0;0;0;0;0;0;0;0"
LT00500;0;0;0;1;0;0;0;0;0;0;0;0;0;0;"LT00500;0;0;0;1;0;0;0;0;0;0;0;0;0;0"
LT00538;0;0;0;2;0;0;0;0;0;0;0;0;0;0;"LT00538;0;0;0;2;0;0;0;0;0;0;0;0;0;0"
LT00595;0;0;0;0;0;0;0;0;0;0;0;0;0;0;"LT00595;0;0;0;0;0;0;0;0;0;0;0;0;0;0"
LT00723;0;0;0;0;0;0;0;0;0;0;0;0;0;0;"LT00723;0;0;0;0;0;0;0;0;0;0;0;0;0;0"
LT00758;0;0;0;0;0;0;0;0;0;0;0;0;0;0;"LT00758;0;0;0;0;0;0;0;0;0;0;0;0;0;0"
LT00816;0;0;0;2;0;0;0;0;0;0;0;0;0;0;"LT00816;0;0;0;2;0;0;0;0;0;0;0;0;0;0"
LT00846;0;0;0;0;0;0;0;0;0;0;0;0;0;0;"LT00846;0;0;0;0;0;0;0;0;0;0;0;0;0;0"
LT00867;0;0;0;0;0;0;0;0;0;0;0;0;0;0;"LT00867;0;0;0;0;0;0;0;0;0;0;0;0;0;0"
LT00921;0;0;0;3;0;0;0;0;0;0;0;0;0;0;"LT00921;0;0;0;3;0;0;0;0;0;0;0;0;0;0"
LT00937;0;0;0;1;0;0;0;0;0;0;0;0;0;0;"LT00937;0;0;0;1;0;0;0;0;0;0;0;0;0;0"
LT00948;0;0;0;8;0;0;0;0;0;0;0;0;0;0;"LT00948;0;0;0;8;0;0;0;0;0;0;0;0;0;0"
LT02735;0;0;0;0;0;0;0;0;0;0;0;0;0;0;"LT02735;0;0;0;0;0;0;0;0;0;0;0;0;0;0"
LT02834;0;0;0;2;0;0;0;0;0;0;0;0;0;0;"LT02834;0;0;0;2;0;0;0;0;0;0;0;0;0;0"
LT03131;0;0;0;0;0;0;0;0;0;0;0;0;0;0;"LT03131;0;0;0;0;0;0;0;0;0;0;0;0;0;0"
LT03257;0;0;0;1;0;0;0;0;0;0;0;0;0;0;"LT03257;0;0;0;1;0;0;0;0;0;0;0;0;0;0"
LT03258;0;0;0;2;0;0;0;0;0;0;0;0;0;0;"LT03258;0;0;0;2;0;0;0;0;0;0;0;0;0;0"
LT03259;0;0;0;0;0;0;0;0;0;0;0;0;0;0;"LT03259;0;0;0;0;0;0;0;0;0;0;0;0;0;0"
LT03408;0;0;0;0;0;0;0;0;0;0;0;0;0;0;"LT03408;0;0;0;0;0;0;0;0;0;0;0;0;0;0"
LT03583;0;0;0;5;0;0;0;0;0;0;0;0;0;0;"LT03583;0;0;0;5;0;0;0;0;0;0;0;0;0;0"
LT00023;0;0;0;12;0;0;0;0;0;0;0;0;0;0;"LT00023;0;0;0;12;0;0;0;0;0;0;0;0;0;0"
LT01370;0;0;0;7;0;0;0;0;0;0;0;0;0;0;"LT01370;0;0;0;7;0;0;0;0;0;0;0;0;0;0"
LT02705;0;0;0;4;0;0;0;0;0;0;0;0;0;0;"LT02705;0;0;0;4;0;0;0;0;0;0;0;0;0;0"
LT02875;0;0;0;6;0;0;0;0;0;0;0;0;0;0;"LT02875;0;0;0;6;0;0;0;0;0;0;0;0;0;0"
LT03427;0;0;0;0;0;0;0;0;0;0;0;0;0;0;"LT03427;0;0;0;0;0;0;0;0;0;0;0;0;0;0"
LT03655;0;0;0;3;0;0;0;0;0;0;0;0;0;0;"LT03655;0;0;0;3;0;0;0;0;0;0;0;0;0;0"
LT03719;0;0;0;0;0;0;0;0;0;0;0;0;0;0;"LT03719;0;0;0;0;0;0;0;0;0;0;0;0;0;0"
LT03770;0;0;0;0;0;0;0;0;0;0;0;0;0;0;"LT03770;0;0;0;0;0;0;0;0;0;0;0;0;0;0"
LT00004;0;0;0;10;0;0;0;0;0;0;0;0;0;0;"LT00004;0;0;0;10;0;0;0;0;0;0;0;0;0;0"
LT00089;0;0;0;1;0;0;0;0;0;0;0;0;0;0;"LT00089;0;0;0;1;0;0;0;0;0;0;0;0;0;0"
LT00117;0;0;0;7;0;0;0;0;0;0;0;0;0;0;"LT00117;0;0;0;7;0;0;0;0;0;0;0;0;0;0"
LT00169;0;0;0;3;0;0;0;0;0;0;0;0;0;0;"LT00169;0;0;0;3;0;0;0;0;0;0;0;0;0;0"
LT00197;0;0;0;4;0;0;0;0;0;0;0;0;0;0;"LT00197;0;0;0;4;0;0;0;0;0;0;0;0;0;0"
LT00255;0;0;0;8;0;0;0;0;0;0;0;0;0;0;"LT00255;0;0;0;8;0;0;0;0;0;0;0;0;0;0"
LT00313;0;0;0;1;0;0;0;0;0;0;0;0;0;0;"LT00313;0;0;0;1;0;0;0;0;0;0;0;0;0;0"
LT00323;0;0;0;0;0;0;0;0;0;0;0;0;0;0;"LT00323;0;0;0;0;0;0;0;0;0;0;0;0;0;0"
LT00328;0;0;0;7;0;0;0;0;0;0;0;0;0;0;"LT00328;0;0;0;7;0;0;0;0;0;0;0;0;0;0"
LT00437;0;0;0;5;0;0;0;0;0;0;0;0;0;0;"LT00437;0;0;0;5;0;0;0;0;0;0;0;0;0;0"
LT00446;0;0;0;0;0;0;0;0;0;0;0;0;0;0;"LT00446;0;0;0;0;0;0;0;0;0;0;0;0;0;0"
LT00468;0;0;0;0;0;0;0;0;0;0;0;0;0;0;"LT00468;0;0;0;0;0;0;0;0;0;0;0;0;0;0"
LT00495;0;0;0;4;0;0;0;0;0;0;0;0;0;0;"LT00495;0;0;0;4;0;0;0;0;0;0;0;0;0;0"
LT00525;0;0;0;10;0;0;0;0;0;0;0;0;0;0;"LT00525;0;0;0;10;0;0;0;0;0;0;0;0;0;0"
LT00751;0;0;0;7;0;0;0;0;0;0;0;0;0;0;"LT00751;0;0;0;7;0;0;0;0;0;0;0;0;0;0"
LT00950;0;0;0;0;0;0;0;0;0;0;0;0;0;0;"LT00950;0;0;0;0;0;0;0;0;0;0;0;0;0;0"
LT02553;0;0;0;10;0;0;0;0;0;0;0;0;0;0;"LT02553;0;0;0;10;0;0;0;0;0;0;0;0;0;0"
LT02559;0;0;0;1;0;0;0;0;0;0;0;0;0;0;"LT02559;0;0;0;1;0;0;0;0;0;0;0;0;0;0"
LT02594;0;0;0;9;0;0;0;0;0;0;0;0;0;0;"LT02594;0;0;0;9;0;0;0;0;0;0;0;0;0;0"
LT02595;0;0;0;0;0;0;0;0;0;0;0;0;0;0;"LT02595;0;0;0;0;0;0;0;0;0;0;0;0;0;0"
LT02906;0;0;0;2;0;0;0;0;0;0;0;0;0;0;"LT02906;0;0;0;2;0;0;0;0;0;0;0;0;0;0"
LT03200;0;0;0;0;0;0;0;0;0;0;0;0;0;0;"LT03200;0;0;0;0;0;0;0;0;0;0;0;0;0;0"
LT00691;0;0;0;0;0;0;0;0;0;0;0;0;0;0;"LT00691;0;0;0;0;0;0;0;0;0;0;0;0;0;0"
LT02897;0;0;0;1;0;0;0;0;0;0;0;0;0;0;"LT02897;0;0;0;1;0;0;0;0;0;0;0;0;0;0"
LT03043;0;0;0;0;0;0;0;0;0;0;0;0;0;0;"LT03043;0;0;0;0;0;0;0;0;0;0;0;0;0;0"
LT00088;0;0;0;2;0;0;0;0;0;0;0;0;0;0;"LT00088;0;0;0;2;0;0;0;0;0;0;0;0;0;0"
LT00426;0;0;0;12;0;0;0;0;0;0;0;0;0;0;"LT00426;0;0;0;12;0;0;0;0;0;0;0;0;0;0"
LT00676;0;0;0;2;0;0;0;0;0;0;0;0;0;0;"LT00676;0;0;0;2;0;0;0;0;0;0;0;0;0;0"
LT03006;0;0;0;0;0;0;0;0;0;0;0;0;0;0;"LT03006;0;0;0;0;0;0;0;0;0;0;0;0;0;0"
LT03009;0;0;0;1;0;0;0;0;0;0;0;0;0;0;"LT03009;0;0;0;1;0;0;0;0;0;0;0;0;0;0"
LT03010;0;0;0;0;0;0;0;0;0;0;0;0;0;0;"LT03010;0;0;0;0;0;0;0;0;0;0;0;0;0;0"
LT03012;0;0;0;0;0;0;0;0;0;0;0;0;0;0;"LT03012;0;0;0;0;0;0;0;0;0;0;0;0;0;0"
LT03041;0;0;0;0;0;0;0;0;0;0;0;0;0;0;"LT03041;0;0;0;0;0;0;0;0;0;0;0;0;0;0"
LT03829;0;0;0;0;0;0;0;0;0;0;0;0;0;0;"LT03829;0;0;0;0;0;0;0;0;0;0;0;0;0;0"
LT00311;0;0;0;6;0;0;0;0;0;0;0;0;0;0;"LT00311;0;0;0;6;0;0;0;0;0;0;0;0;0;0"
LT02023;0;0;0;0;0;0;0;0;0;0;0;0;0;0;"LT02023;0;0;0;0;0;0;0;0;0;0;0;0;0;0"
LT02305;0;0;0;2;0;0;0;0;0;0;0;0;0;0;"LT02305;0;0;0;2;0;0;0;0;0;0;0;0;0;0"
LT03095;0;0;0;0;0;0;0;0;0;0;0;0;0;0;"LT03095;0;0;0;0;0;0;0;0;0;0;0;0;0;0"
LT03235;0;0;0;4;0;0;0;0;0;0;0;0;0;0;"LT03235;0;0;0;4;0;0;0;0;0;0;0;0;0;0"
LT00180;0;0;0;0;0;0;0;0;0;0;0;0;0;0;"LT00180;0;0;0;0;0;0;0;0;0;0;0;0;0;0"
LT00206;0;0;0;4;0;0;0;0;0;0;0;0;0;0;"LT00206;0;0;0;4;0;0;0;0;0;0;0;0;0;0"
LT00408;0;0;0;3;0;0;0;0;0;0;0;0;0;0;"LT00408;0;0;0;3;0;0;0;0;0;0;0;0;0;0"
LT00420;0;0;0;5;0;0;0;0;0;0;0;0;0;0;"LT00420;0;0;0;5;0;0;0;0;0;0;0;0;0;0"
LT00457;0;0;0;4;0;0;0;0;0;0;0;0;0;0;"LT00457;0;0;0;4;0;0;0;0;0;0;0;0;0;0"
LT00458;0;0;0;0;0;0;0;0;0;0;0;0;0;0;"LT00458;0;0;0;0;0;0;0;0;0;0;0;0;0;0"
LT00459;0;0;0;0;0;0;0;0;0;0;0;0;0;0;"LT00459;0;0;0;0;0;0;0;0;0;0;0;0;0;0"
LT00569;0;0;0;1;0;0;0;0;0;0;0;0;0;0;"LT00569;0;0;0;1;0;0;0;0;0;0;0;0;0;0"
LT00586;0;0;0;0;0;0;0;0;0;0;0;0;0;0;"LT00586;0;0;0;0;0;0;0;0;0;0;0;0;0;0"
LT00833;0;0;0;1;0;0;0;0;0;0;0;0;0;0;"LT00833;0;0;0;1;0;0;0;0;0;0;0;0;0;0"
LT00887;0;0;0;1;0;0;0;0;0;0;0;0;0;0;"LT00887;0;0;0;1;0;0;0;0;0;0;0;0;0;0"
LT00904;0;0;0;3;0;0;0;0;0;0;0;0;0;0;"LT00904;0;0;0;3;0;0;0;0;0;0;0;0;0;0"
LT01053;0;0;0;0;0;0;0;0;0;0;0;0;0;0;"LT01053;0;0;0;0;0;0;0;0;0;0;0;0;0;0"
LT01855;0;0;0;0;0;0;0;0;0;0;0;0;0;0;"LT01855;0;0;0;0;0;0;0;0;0;0;0;0;0;0"
LT02731;0;0;0;0;0;0;0;0;0;0;0;0;0;0;"LT02731;0;0;0;0;0;0;0;0;0;0;0;0;0;0"
LT02741;0;0;0;0;0;0;0;0;0;0;0;0;0;0;"LT02741;0;0;0;0;0;0;0;0;0;0;0;0;0;0"
LT02742;0;0;0;0;0;0;0;0;0;0;0;0;0;0;"LT02742;0;0;0;0;0;0;0;0;0;0;0;0;0;0"
LT02743;0;0;0;0;0;0;0;0;0;0;0;0;0;0;"LT02743;0;0;0;0;0;0;0;0;0;0;0;0;0;0"
LT02744;0;0;0;8;0;0;0;0;0;0;0;0;0;0;"LT02744;0;0;0;8;0;0;0;0;0;0;0;0;0;0"
LT02745;0;0;0;0;0;0;0;0;0;0;0;0;0;0;"LT02745;0;0;0;0;0;0;0;0;0;0;0;0;0;0"
LT02746;0;0;0;0;0;0;0;0;0;0;0;0;0;0;"LT02746;0;0;0;0;0;0;0;0;0;0;0;0;0;0"
LT02985;0;0;0;0;0;0;0;0;0;0;0;0;0;0;"LT02985;0;0;0;0;0;0;0;0;0;0;0;0;0;0"
LT02989;0;0;0;2;0;0;0;0;0;0;0;0;0;0;"LT02989;0;0;0;2;0;0;0;0;0;0;0;0;0;0"
LT02990;0;0;0;0;0;0;0;0;0;0;0;0;0;0;"LT02990;0;0;0;0;0;0;0;0;0;0;0;0;0;0"
LT02991;0;0;0;0;0;0;0;0;0;0;0;0;0;0;"LT02991;0;0;0;0;0;0;0;0;0;0;0;0;0;0"
LT03038;0;0;0;0;0;0;0;0;0;0;0;0;0;0;"LT03038;0;0;0;0;0;0;0;0;0;0;0;0;0;0"
LT03175;0;0;0;3;0;0;0;0;0;0;0;0;0;0;"LT03175;0;0;0;3;0;0;0;0;0;0;0;0;0;0"
LT03195;0;0;0;0;0;0;0;0;0;0;0;0;0;0;"LT03195;0;0;0;0;0;0;0;0;0;0;0;0;0;0"
LT03196;0;0;0;0;0;0;0;0;0;0;0;0;0;0;"LT03196;0;0;0;0;0;0;0;0;0;0;0;0;0;0"
LT03261;0;0;0;1;0;0;0;0;0;0;0;0;0;0;"LT03261;0;0;0;1;0;0;0;0;0;0;0;0;0;0"
LT03322;0;0;0;2;0;0;0;0;0;0;0;0;0;0;"LT03322;0;0;0;2;0;0;0;0;0;0;0;0;0;0"
LT03348;0;0;0;1;0;0;0;0;0;0;0;0;0;0;"LT03348;0;0;0;1;0;0;0;0;0;0;0;0;0;0"
LT03426;0;0;0;0;0;0;0;0;0;0;0;0;0;0;"LT03426;0;0;0;0;0;0;0;0;0;0;0;0;0;0"
LT03551;0;0;0;0;0;0;0;0;0;0;0;0;0;0;"LT03551;0;0;0;0;0;0;0;0;0;0;0;0;0;0"
LT03589;0;0;0;2;0;0;0;0;0;0;0;0;0;0;"LT03589;0;0;0;2;0;0;0;0;0;0;0;0;0;0"
LT03675;0;0;0;0;0;0;0;0;0;0;0;0;0;0;"LT03675;0;0;0;0;0;0;0;0;0;0;0;0;0;0"
LT03681;0;0;0;0;0;0;0;0;0;0;0;0;0;0;"LT03681;0;0;0;0;0;0;0;0;0;0;0;0;0;0"
LT03768;0;0;0;0;0;0;0;0;0;0;0;0;0;0;"LT03768;0;0;0;0;0;0;0;0;0;0;0;0;0;0"
LT03793;0;0;0;0;0;0;0;0;0;0;0;0;0;0;"LT03793;0;0;0;0;0;0;0;0;0;0;0;0;0;0"
LT03828;0;0;0;0;0;0;0;0;0;0;0;0;0;0;"LT03828;0;0;0;0;0;0;0;0;0;0;0;0;0;0"
LT00539;0;0;0;0;0;0;0;0;0;0;0;0;0;0;"LT00539;0;0;0;0;0;0;0;0;0;0;0;0;0;0"
LT00565;0;0;0;4;0;0;0;0;0;0;0;0;0;0;"LT00565;0;0;0;4;0;0;0;0;0;0;0;0;0;0"
LT02898;0;0;0;6;0;0;0;0;0;0;0;0;0;0;"LT02898;0;0;0;6;0;0;0;0;0;0;0;0;0;0"
LT03297;0;0;0;0;0;0;0;0;0;0;0;0;0;0;"LT03297;0;0;0;0;0;0;0;0;0;0;0;0;0;0"
LT03835;0;0;0;0;0;0;0;0;0;0;0;0;0;0;"LT03835;0;0;0;0;0;0;0;0;0;0;0;0;0;0"
LT00335;0;0;0;0;0;0;0;0;0;0;0;0;0;0;"LT00335;0;0;0;0;0;0;0;0;0;0;0;0;0;0"
LT00672;0;0;0;5;0;0;0;0;0;0;0;0;0;0;"LT00672;0;0;0;5;0;0;0;0;0;0;0;0;0;0"
LT00852;0;0;0;0;0;0;0;0;0;0;0;0;0;0;"LT00852;0;0;0;0;0;0;0;0;0;0;0;0;0;0"
LT01520;0;0;0;0;0;0;0;0;0;0;0;0;0;0;"LT01520;0;0;0;0;0;0;0;0;0;0;0;0;0;0"
LT01521;0;0;0;2;0;0;0;0;0;0;0;0;0;0;"LT01521;0;0;0;2;0;0;0;0;0;0;0;0;0;0"
LT00010;0;0;0;0;0;0;0;0;0;0;0;0;0;0;"LT00010;0;0;0;0;0;0;0;0;0;0;0;0;0;0"
LT00236;0;0;0;12;0;0;0;0;0;0;0;0;0;0;"LT00236;0;0;0;12;0;0;0;0;0;0;0;0;0;0"
LT01384;0;0;0;2;0;0;0;0;0;0;0;0;0;0;"LT01384;0;0;0;2;0;0;0;0;0;0;0;0;0;0"
LT03309;0;0;0;7;0;0;0;0;0;0;0;0;0;0;"LT03309;0;0;0;7;0;0;0;0;0;0;0;0;0;0"
LT03311;0;0;0;9;0;0;0;0;0;0;0;0;0;0;"LT03311;0;0;0;9;0;0;0;0;0;0;0;0;0;0"
LT00804;0;0;0;1;0;0;0;0;0;0;0;0;0;0;"LT00804;0;0;0;1;0;0;0;0;0;0;0;0;0;0"
LT00044;0;0;0;11;0;0;0;0;0;0;0;0;0;0;"LT00044;0;0;0;11;0;0;0;0;0;0;0;0;0;0"
LT00218;0;0;0;12;0;0;0;0;0;0;0;0;0;0;"LT00218;0;0;0;12;0;0;0;0;0;0;0;0;0;0"
LT00241;0;0;0;0;0;0;0;0;0;0;0;0;0;0;"LT00241;0;0;0;0;0;0;0;0;0;0;0;0;0;0"
LT00491;0;0;0;0;0;0;0;0;0;0;0;0;0;0;"LT00491;0;0;0;0;0;0;0;0;0;0;0;0;0;0"
LT00497;0;0;0;0;0;0;0;0;0;0;0;0;0;0;"LT00497;0;0;0;0;0;0;0;0;0;0;0;0;0;0"
LT00730;0;0;0;0;0;0;0;0;0;0;0;0;0;0;"LT00730;0;0;0;0;0;0;0;0;0;0;0;0;0;0"
LT00783;0;0;0;7;0;0;0;0;0;0;0;0;0;0;"LT00783;0;0;0;7;0;0;0;0;0;0;0;0;0;0"
LT00803;0;0;0;7;0;0;0;0;0;0;0;0;0;0;"LT00803;0;0;0;7;0;0;0;0;0;0;0;0;0;0"
LT01430;0;0;0;0;0;0;0;0;0;0;0;0;0;0;"LT01430;0;0;0;0;0;0;0;0;0;0;0;0;0;0"
LT01523;0;0;0;0;0;0;0;0;0;0;0;0;0;0;"LT01523;0;0;0;0;0;0;0;0;0;0;0;0;0;0"
LT02348;0;0;0;0;0;0;0;0;0;0;0;0;0;0;"LT02348;0;0;0;0;0;0;0;0;0;0;0;0;0;0"
LT02752;0;0;0;5;0;0;0;0;0;0;0;0;0;0;"LT02752;0;0;0;5;0;0;0;0;0;0;0;0;0;0"
LT02799;0;0;0;5;0;0;0;0;0;0;0;0;0;0;"LT02799;0;0;0;5;0;0;0;0;0;0;0;0;0;0"
LT03377;0;0;0;0;0;0;0;0;0;0;0;0;0;0;"LT03377;0;0;0;0;0;0;0;0;0;0;0;0;0;0"
LT03477;0;0;0;0;0;0;0;0;0;0;0;0;0;0;"LT03477;0;0;0;0;0;0;0;0;0;0;0;0;0;0"
LT03653;0;0;0;0;0;0;0;0;0;0;0;0;0;0;"LT03653;0;0;0;0;0;0;0;0;0;0;0;0;0;0"
LT03727;0;0;0;0;0;0;0;0;0;0;0;0;0;0;"LT03727;0;0;0;0;0;0;0;0;0;0;0;0;0;0"
LT03787;0;0;0;0;0;0;0;0;0;0;0;0;0;0;"LT03787;0;0;0;0;0;0;0;0;0;0;0;0;0;0"
LT00608;0;0;0;2;0;0;0;0;0;0;0;0;0;0;"LT00608;0;0;0;2;0;0;0;0;0;0;0;0;0;0"
LT01464;0;0;0;0;0;0;0;0;0;0;0;0;0;0;"LT01464;0;0;0;0;0;0;0;0;0;0;0;0;0;0"
LT01275;0;0;0;0;0;0;0;0;0;0;0;0;0;0;"LT01275;0;0;0;0;0;0;0;0;0;0;0;0;0;0"
LT02734;0;0;0;1;0;0;0;0;0;0;0;0;0;0;"LT02734;0;0;0;1;0;0;0;0;0;0;0;0;0;0"
LT00215;0;0;0;4;0;0;0;0;0;0;0;0;0;0;"LT00215;0;0;0;4;0;0;0;0;0;0;0;0;0;0"
LT00529;0;0;0;0;0;0;0;0;0;0;0;0;0;0;"LT00529;0;0;0;0;0;0;0;0;0;0;0;0;0;0"
LT00770;0;0;0;0;0;0;0;0;0;0;0;0;0;0;"LT00770;0;0;0;0;0;0;0;0;0;0;0;0;0;0"
LT00138;0;0;0;0;0;0;0;0;0;0;0;0;0;0;"LT00138;0;0;0;0;0;0;0;0;0;0;0;0;0;0"
LT00505;0;0;0;3;0;0;0;0;0;0;0;0;0;0;"LT00505;0;0;0;3;0;0;0;0;0;0;0;0;0;0"
LT00544;0;0;0;1;0;0;0;0;0;0;0;0;0;0;"LT00544;0;0;0;1;0;0;0;0;0;0;0;0;0;0"
LT00817;0;0;0;1;0;0;0;0;0;0;0;0;0;0;"LT00817;0;0;0;1;0;0;0;0;0;0;0;0;0;0"
LT00818;0;0;0;0;0;0;0;0;0;0;0;0;0;0;"LT00818;0;0;0;0;0;0;0;0;0;0;0;0;0;0"
LT02400;0;0;0;0;0;0;0;0;0;0;0;0;0;0;"LT02400;0;0;0;0;0;0;0;0;0;0;0;0;0;0"
LT03380;0;0;0;0;0;0;0;0;0;0;0;0;0;0;"LT03380;0;0;0;0;0;0;0;0;0;0;0;0;0;0"
LT03453;0;0;0;3;0;0;0;0;0;0;0;0;0;0;"LT03453;0;0;0;3;0;0;0;0;0;0;0;0;0;0"
LT03454;0;0;0;2;0;0;0;0;0;0;0;0;0;0;"LT03454;0;0;0;2;0;0;0;0;0;0;0;0;0;0"
LT03455;0;0;0;0;0;0;0;0;0;0;0;0;0;0;"LT03455;0;0;0;0;0;0;0;0;0;0;0;0;0;0"
LT02754;0;0;0;0;0;0;0;0;0;0;0;0;0;0;"LT02754;0;0;0;0;0;0;0;0;0;0;0;0;0;0"
LT02894;0;0;0;0;0;0;0;0;0;0;0;0;0;0;"LT02894;0;0;0;0;0;0;0;0;0;0;0;0;0;0"
LT02895;0;0;0;0;0;0;0;0;0;0;0;0;0;0;"LT02895;0;0;0;0;0;0;0;0;0;0;0;0;0;0"
LT00184;0;0;0;0;0;0;0;0;0;0;0;0;0;0;"LT00184;0;0;0;0;0;0;0;0;0;0;0;0;0;0"
LT00511;0;0;0;0;0;0;0;0;0;0;0;0;0;0;"LT00511;0;0;0;0;0;0;0;0;0;0;0;0;0;0"
LT01510;0;0;0;0;0;0;0;0;0;0;0;0;0;0;"LT01510;0;0;0;0;0;0;0;0;0;0;0;0;0;0"
LT01959;0;0;0;0;0;0;0;0;0;0;0;0;0;0;"LT01959;0;0;0;0;0;0;0;0;0;0;0;0;0;0"
LT00609;0;0;0;0;0;0;0;0;0;0;0;0;0;0;"LT00609;0;0;0;0;0;0;0;0;0;0;0;0;0;0"
LT00558;0;0;0;0;0;0;0;0;0;0;0;0;0;0;"LT00558;0;0;0;0;0;0;0;0;0;0;0;0;0;0"
LT00764;0;0;0;0;0;0;0;0;0;0;0;0;0;0;"LT00764;0;0;0;0;0;0;0;0;0;0;0;0;0;0"
LT03018;0;0;0;0;0;0;0;0;0;0;0;0;0;0;"LT03018;0;0;0;0;0;0;0;0;0;0;0;0;0;0"
LT00013;0;0;0;0;0;0;0;0;0;0;0;0;0;0;"LT00013;0;0;0;0;0;0;0;0;0;0;0;0;0;0"
LT00014;0;0;0;0;0;0;0;0;0;0;0;0;0;0;"LT00014;0;0;0;0;0;0;0;0;0;0;0;0;0;0"
LT00053;0;0;0;0;0;0;0;0;0;0;0;0;0;0;"LT00053;0;0;0;0;0;0;0;0;0;0;0;0;0;0"
LT00057;0;0;0;0;0;0;0;0;0;0;0;0;0;0;"LT00057;0;0;0;0;0;0;0;0;0;0;0;0;0;0"
LT00061;0;0;0;0;0;0;0;0;0;0;0;0;0;0;"LT00061;0;0;0;0;0;0;0;0;0;0;0;0;0;0"
LT00064;0;0;0;0;0;0;0;0;0;0;0;0;0;0;"LT00064;0;0;0;0;0;0;0;0;0;0;0;0;0;0"
LT00067;0;0;0;0;0;0;0;0;0;0;0;0;0;0;"LT00067;0;0;0;0;0;0;0;0;0;0;0;0;0;0"
LT00090;0;0;0;0;0;0;0;0;0;0;0;0;0;0;"LT00090;0;0;0;0;0;0;0;0;0;0;0;0;0;0"
LT00092;0;0;0;0;0;0;0;0;0;0;0;0;0;0;"LT00092;0;0;0;0;0;0;0;0;0;0;0;0;0;0"
LT00104;0;0;0;0;0;0;0;0;0;0;0;0;0;0;"LT00104;0;0;0;0;0;0;0;0;0;0;0;0;0;0"
LT00114;0;0;0;0;0;0;0;0;0;0;0;0;0;0;"LT00114;0;0;0;0;0;0;0;0;0;0;0;0;0;0"
LT00135;0;0;0;0;0;0;0;0;0;0;0;0;0;0;"LT00135;0;0;0;0;0;0;0;0;0;0;0;0;0;0"
LT00187;0;0;0;0;0;0;0;0;0;0;0;0;0;0;"LT00187;0;0;0;0;0;0;0;0;0;0;0;0;0;0"
LT00203;0;0;0;0;0;0;0;0;0;0;0;0;0;0;"LT00203;0;0;0;0;0;0;0;0;0;0;0;0;0;0"
LT00226;0;0;0;0;0;0;0;0;0;0;0;0;0;0;"LT00226;0;0;0;0;0;0;0;0;0;0;0;0;0;0"
LT00229;0;0;0;0;0;0;0;0;0;0;0;0;0;0;"LT00229;0;0;0;0;0;0;0;0;0;0;0;0;0;0"
LT00252;0;0;0;0;0;0;0;0;0;0;0;0;0;0;"LT00252;0;0;0;0;0;0;0;0;0;0;0;0;0;0"
LT00257;0;0;0;0;0;0;0;0;0;0;0;0;0;0;"LT00257;0;0;0;0;0;0;0;0;0;0;0;0;0;0"
LT00263;0;0;0;0;0;0;0;0;0;0;0;0;0;0;"LT00263;0;0;0;0;0;0;0;0;0;0;0;0;0;0"
LT00275;0;0;0;0;0;0;0;0;0;0;0;0;0;0;"LT00275;0;0;0;0;0;0;0;0;0;0;0;0;0;0"
LT00277;0;0;0;0;0;0;0;0;0;0;0;0;0;0;"LT00277;0;0;0;0;0;0;0;0;0;0;0;0;0;0"
LT00380;0;0;0;0;0;0;0;0;0;0;0;0;0;0;"LT00380;0;0;0;0;0;0;0;0;0;0;0;0;0;0"
LT00394;0;0;0;0;0;0;0;0;0;0;0;0;0;0;"LT00394;0;0;0;0;0;0;0;0;0;0;0;0;0;0"
LT00398;0;0;0;0;0;0;0;0;0;0;0;0;0;0;"LT00398;0;0;0;0;0;0;0;0;0;0;0;0;0;0"
LT00405;0;0;0;0;0;0;0;0;0;0;0;0;0;0;"LT00405;0;0;0;0;0;0;0;0;0;0;0;0;0;0"
LT00421;0;0;0;0;0;0;0;0;0;0;0;0;0;0;"LT00421;0;0;0;0;0;0;0;0;0;0;0;0;0;0"
LT00470;0;0;0;0;0;0;0;0;0;0;0;0;0;0;"LT00470;0;0;0;0;0;0;0;0;0;0;0;0;0;0"
LT00471;0;0;0;0;0;0;0;0;0;0;0;0;0;0;"LT00471;0;0;0;0;0;0;0;0;0;0;0;0;0;0"
LT00501;0;0;0;0;0;0;0;0;0;0;0;0;0;0;"LT00501;0;0;0;0;0;0;0;0;0;0;0;0;0;0"
LT00507;0;0;0;0;0;0;0;0;0;0;0;0;0;0;"LT00507;0;0;0;0;0;0;0;0;0;0;0;0;0;0"
LT00615;0;0;0;0;0;0;0;0;0;0;0;0;0;0;"LT00615;0;0;0;0;0;0;0;0;0;0;0;0;0;0"
LT00772;0;0;0;0;0;0;0;0;0;0;0;0;0;0;"LT00772;0;0;0;0;0;0;0;0;0;0;0;0;0;0"
LT00877;0;0;0;0;0;0;0;0;0;0;0;0;0;0;"LT00877;0;0;0;0;0;0;0;0;0;0;0;0;0;0"
LT01630;0;0;0;0;0;0;0;0;0;0;0;0;0;0;"LT01630;0;0;0;0;0;0;0;0;0;0;0;0;0;0"
LT01703;0;0;0;0;0;0;0;0;0;0;0;0;0;0;"LT01703;0;0;0;0;0;0;0;0;0;0;0;0;0;0"
LT01832;0;0;0;0;0;0;0;0;0;0;0;0;0;0;"LT01832;0;0;0;0;0;0;0;0;0;0;0;0;0;0"
LT01901;0;0;0;0;0;0;0;0;0;0;0;0;0;0;"LT01901;0;0;0;0;0;0;0;0;0;0;0;0;0;0"
LT02039;0;0;0;0;0;0;0;0;0;0;0;0;0;0;"LT02039;0;0;0;0;0;0;0;0;0;0;0;0;0;0"
LT02297;0;0;0;0;0;0;0;0;0;0;0;0;0;0;"LT02297;0;0;0;0;0;0;0;0;0;0;0;0;0;0"
LT02865;0;0;0;0;0;0;0;0;0;0;0;0;0;0;"LT02865;0;0;0;0;0;0;0;0;0;0;0;0;0;0"
LT02976;0;0;0;0;0;0;0;0;0;0;0;0;0;0;"LT02976;0;0;0;0;0;0;0;0;0;0;0;0;0;0"
LT03036;0;0;0;0;0;0;0;0;0;0;0;0;0;0;"LT03036;0;0;0;0;0;0;0;0;0;0;0;0;0;0"
LT03295;0;0;0;0;0;0;0;0;0;0;0;0;0;0;"LT03295;0;0;0;0;0;0;0;0;0;0;0;0;0;0"
LT03721;0;0;0;0;0;0;0;0;0;0;0;0;0;0;"LT03721;0;0;0;0;0;0;0;0;0;0;0;0;0;0"
LT00106;0;0;0;0;0;0;0;0;0;0;0;0;0;0;"LT00106;0;0;0;0;0;0;0;0;0;0;0;0;0;0"
LT00108;0;0;0;0;0;0;0;0;0;0;0;0;0;0;"LT00108;0;0;0;0;0;0;0;0;0;0;0;0;0;0"
LT00112;0;0;0;0;0;0;0;0;0;0;0;0;0;0;"LT00112;0;0;0;0;0;0;0;0;0;0;0;0;0;0"
LT00116;0;0;0;0;0;0;0;0;0;0;0;0;0;0;"LT00116;0;0;0;0;0;0;0;0;0;0;0;0;0;0"
LT00153;0;0;0;0;0;0;0;0;0;0;0;0;0;0;"LT00153;0;0;0;0;0;0;0;0;0;0;0;0;0;0"
LT00155;0;0;0;0;0;0;0;0;0;0;0;0;0;0;"LT00155;0;0;0;0;0;0;0;0;0;0;0;0;0;0"
LT00168;0;0;0;0;0;0;0;0;0;0;0;0;0;0;"LT00168;0;0;0;0;0;0;0;0;0;0;0;0;0;0"
LT00258;0;0;0;0;0;0;0;0;0;0;0;0;0;0;"LT00258;0;0;0;0;0;0;0;0;0;0;0;0;0;0"
LT00269;0;0;0;0;0;0;0;0;0;0;0;0;0;0;"LT00269;0;0;0;0;0;0;0;0;0;0;0;0;0;0"
LT00300;0;0;0;0;0;0;0;0;0;0;0;0;0;0;"LT00300;0;0;0;0;0;0;0;0;0;0;0;0;0;0"
LT00379;0;0;0;0;0;0;0;0;0;0;0;0;0;0;"LT00379;0;0;0;0;0;0;0;0;0;0;0;0;0;0"
LT00381;0;0;0;0;0;0;0;0;0;0;0;0;0;0;"LT00381;0;0;0;0;0;0;0;0;0;0;0;0;0;0"
LT00515;0;0;0;0;0;0;0;0;0;0;0;0;0;0;"LT00515;0;0;0;0;0;0;0;0;0;0;0;0;0;0"
LT00636;0;0;0;0;0;0;0;0;0;0;0;0;0;0;"LT00636;0;0;0;0;0;0;0;0;0;0;0;0;0;0"
LT00647;0;0;0;0;0;0;0;0;0;0;0;0;0;0;"LT00647;0;0;0;0;0;0;0;0;0;0;0;0;0;0"
LT00732;0;0;0;0;0;0;0;0;0;0;0;0;0;0;"LT00732;0;0;0;0;0;0;0;0;0;0;0;0;0;0"
LT00805;0;0;0;0;0;0;0;0;0;0;0;0;0;0;"LT00805;0;0;0;0;0;0;0;0;0;0;0;0;0;0"
LT01463;0;0;0;0;0;0;0;0;0;0;0;0;0;0;"LT01463;0;0;0;0;0;0;0;0;0;0;0;0;0;0"
LT01627;0;0;0;0;0;0;0;0;0;0;0;0;0;0;"LT01627;0;0;0;0;0;0;0;0;0;0;0;0;0;0"
LT01710;0;0;0;0;0;0;0;0;0;0;0;0;0;0;"LT01710;0;0;0;0;0;0;0;0;0;0;0;0;0;0"
LT01882;0;0;0;0;0;0;0;0;0;0;0;0;0;0;"LT01882;0;0;0;0;0;0;0;0;0;0;0;0;0;0"
LT01952;0;0;0;0;0;0;0;0;0;0;0;0;0;0;"LT01952;0;0;0;0;0;0;0;0;0;0;0;0;0;0"
LT02303;0;0;0;0;0;0;0;0;0;0;0;0;0;0;"LT02303;0;0;0;0;0;0;0;0;0;0;0;0;0;0"
LT02482;0;0;0;0;0;0;0;0;0;0;0;0;0;0;"LT02482;0;0;0;0;0;0;0;0;0;0;0;0;0;0"
LT02909;0;0;0;0;0;0;0;0;0;0;0;0;0;0;"LT02909;0;0;0;0;0;0;0;0;0;0;0;0;0;0"
LT02984;0;0;0;0;0;0;0;0;0;0;0;0;0;0;"LT02984;0;0;0;0;0;0;0;0;0;0;0;0;0;0"
LT03022;0;0;0;0;0;0;0;0;0;0;0;0;0;0;"LT03022;0;0;0;0;0;0;0;0;0;0;0;0;0;0"
LT03048;0;0;0;0;0;0;0;0;0;0;0;0;0;0;"LT03048;0;0;0;0;0;0;0;0;0;0;0;0;0;0"
LT03128;0;0;0;0;0;0;0;0;0;0;0;0;0;0;"LT03128;0;0;0;0;0;0;0;0;0;0;0;0;0;0"
LT03253;0;0;0;0;0;0;0;0;0;0;0;0;0;0;"LT03253;0;0;0;0;0;0;0;0;0;0;0;0;0;0"
LT03254;0;0;0;0;0;0;0;0;0;0;0;0;0;0;"LT03254;0;0;0;0;0;0;0;0;0;0;0;0;0;0"
LT03339;0;0;0;0;0;0;0;0;0;0;0;0;0;0;"LT03339;0;0;0;0;0;0;0;0;0;0;0;0;0;0"
LT03375;0;0;0;0;0;0;0;0;0;0;0;0;0;0;"LT03375;0;0;0;0;0;0;0;0;0;0;0;0;0;0"
LT03416;0;0;0;0;0;0;0;0;0;0;0;0;0;0;"LT03416;0;0;0;0;0;0;0;0;0;0;0;0;0;0"
LT03424;0;0;0;0;0;0;0;0;0;0;0;0;0;0;"LT03424;0;0;0;0;0;0;0;0;0;0;0;0;0;0"
LT03704;0;0;0;0;0;0;0;0;0;0;0;0;0;0;"LT03704;0;0;0;0;0;0;0;0;0;0;0;0;0;0"
LT00031;0;0;0;0;0;0;0;0;0;0;0;0;0;0;"LT00031;0;0;0;0;0;0;0;0;0;0;0;0;0;0"
LT00102;0;0;0;0;0;0;0;0;0;0;0;0;0;0;"LT00102;0;0;0;0;0;0;0;0;0;0;0;0;0;0"
LT00160;0;0;0;0;0;0;0;0;0;0;0;0;0;0;"LT00160;0;0;0;0;0;0;0;0;0;0;0;0;0;0"
LT00267;0;0;0;0;0;0;0;0;0;0;0;0;0;0;"LT00267;0;0;0;0;0;0;0;0;0;0;0;0;0;0"
LT00338;0;0;0;0;0;0;0;0;0;0;0;0;0;0;"LT00338;0;0;0;0;0;0;0;0;0;0;0;0;0;0"
LT00386;0;0;0;0;0;0;0;0;0;0;0;0;0;0;"LT00386;0;0;0;0;0;0;0;0;0;0;0;0;0;0"
LT00392;0;0;0;0;0;0;0;0;0;0;0;0;0;0;"LT00392;0;0;0;0;0;0;0;0;0;0;0;0;0;0"
LT00419;0;0;0;0;0;0;0;0;0;0;0;0;0;0;"LT00419;0;0;0;0;0;0;0;0;0;0;0;0;0;0"
LT00424;0;0;0;0;0;0;0;0;0;0;0;0;0;0;"LT00424;0;0;0;0;0;0;0;0;0;0;0;0;0;0"
LT00431;0;0;0;0;0;0;0;0;0;0;0;0;0;0;"LT00431;0;0;0;0;0;0;0;0;0;0;0;0;0;0"
LT00436;0;0;0;0;0;0;0;0;0;0;0;0;0;0;"LT00436;0;0;0;0;0;0;0;0;0;0;0;0;0;0"
LT00480;0;0;0;0;0;0;0;0;0;0;0;0;0;0;"LT00480;0;0;0;0;0;0;0;0;0;0;0;0;0;0"
LT00509;0;0;0;0;0;0;0;0;0;0;0;0;0;0;"LT00509;0;0;0;0;0;0;0;0;0;0;0;0;0;0"
LT00523;0;0;0;0;0;0;0;0;0;0;0;0;0;0;"LT00523;0;0;0;0;0;0;0;0;0;0;0;0;0;0"
LT00524;0;0;0;0;0;0;0;0;0;0;0;0;0;0;"LT00524;0;0;0;0;0;0;0;0;0;0;0;0;0;0"
LT00526;0;0;0;0;0;0;0;0;0;0;0;0;0;0;"LT00526;0;0;0;0;0;0;0;0;0;0;0;0;0;0"
LT00664;0;0;0;0;0;0;0;0;0;0;0;0;0;0;"LT00664;0;0;0;0;0;0;0;0;0;0;0;0;0;0"
LT00726;0;0;0;0;0;0;0;0;0;0;0;0;0;0;"LT00726;0;0;0;0;0;0;0;0;0;0;0;0;0;0"
LT00752;0;0;0;0;0;0;0;0;0;0;0;0;0;0;"LT00752;0;0;0;0;0;0;0;0;0;0;0;0;0;0"
LT00753;0;0;0;0;0;0;0;0;0;0;0;0;0;0;"LT00753;0;0;0;0;0;0;0;0;0;0;0;0;0;0"
LT00820;0;0;0;0;0;0;0;0;0;0;0;0;0;0;"LT00820;0;0;0;0;0;0;0;0;0;0;0;0;0;0"
LT01023;0;0;0;0;0;0;0;0;0;0;0;0;0;0;"LT01023;0;0;0;0;0;0;0;0;0;0;0;0;0;0"
LT01730;0;0;0;0;0;0;0;0;0;0;0;0;0;0;"LT01730;0;0;0;0;0;0;0;0;0;0;0;0;0;0"
LT01833;0;0;0;0;0;0;0;0;0;0;0;0;0;0;"LT01833;0;0;0;0;0;0;0;0;0;0;0;0;0;0"
LT02269;0;0;0;0;0;0;0;0;0;0;0;0;0;0;"LT02269;0;0;0;0;0;0;0;0;0;0;0;0;0;0"
LT02350;0;0;0;0;0;0;0;0;0;0;0;0;0;0;"LT02350;0;0;0;0;0;0;0;0;0;0;0;0;0;0"
LT03014;0;0;0;0;0;0;0;0;0;0;0;0;0;0;"LT03014;0;0;0;0;0;0;0;0;0;0;0;0;0;0"
LT03015;0;0;0;0;0;0;0;0;0;0;0;0;0;0;"LT03015;0;0;0;0;0;0;0;0;0;0;0;0;0;0"
LT03162;0;0;0;0;0;0;0;0;0;0;0;0;0;0;"LT03162;0;0;0;0;0;0;0;0;0;0;0;0;0;0"
LT03388;0;0;0;0;0;0;0;0;0;0;0;0;0;0;"LT03388;0;0;0;0;0;0;0;0;0;0;0;0;0;0"
LT03409;0;0;0;0;0;0;0;0;0;0;0;0;0;0;"LT03409;0;0;0;0;0;0;0;0;0;0;0;0;0;0"
LT03473;0;0;0;0;0;0;0;0;0;0;0;0;0;0;"LT03473;0;0;0;0;0;0;0;0;0;0;0;0;0;0"
LT03519;0;0;0;0;0;0;0;0;0;0;0;0;0;0;"LT03519;0;0;0;0;0;0;0;0;0;0;0;0;0;0"
LT03548;0;0;0;0;0;0;0;0;0;0;0;0;0;0;"LT03548;0;0;0;0;0;0;0;0;0;0;0;0;0;0"
LT03561;0;0;0;0;0;0;0;0;0;0;0;0;0;0;"LT03561;0;0;0;0;0;0;0;0;0;0;0;0;0;0"
LT03562;0;0;0;0;0;0;0;0;0;0;0;0;0;0;"LT03562;0;0;0;0;0;0;0;0;0;0;0;0;0;0"
LT03586;0;0;0;0;0;0;0;0;0;0;0;0;0;0;"LT03586;0;0;0;0;0;0;0;0;0;0;0;0;0;0"
LT03587;0;0;0;0;0;0;0;0;0;0;0;0;0;0;"LT03587;0;0;0;0;0;0;0;0;0;0;0;0;0;0"
LT03703;0;0;0;0;0;0;0;0;0;0;0;0;0;0;"LT03703;0;0;0;0;0;0;0;0;0;0;0;0;0;0"
LT03706;0;0;0;0;0;0;0;0;0;0;0;0;0;0;"LT03706;0;0;0;0;0;0;0;0;0;0;0;0;0;0"
LT00097;0;0;0;0;0;0;0;0;0;0;0;0;0;0;"LT00097;0;0;0;0;0;0;0;0;0;0;0;0;0;0"
LT00234;0;0;0;0;0;0;0;0;0;0;0;0;0;0;"LT00234;0;0;0;0;0;0;0;0;0;0;0;0;0;0"
LT00319;0;0;0;0;0;0;0;0;0;0;0;0;0;0;"LT00319;0;0;0;0;0;0;0;0;0;0;0;0;0;0"
LT00456;0;0;0;0;0;0;0;0;0;0;0;0;0;0;"LT00456;0;0;0;0;0;0;0;0;0;0;0;0;0;0"
LT00519;0;0;0;0;0;0;0;0;0;0;0;0;0;0;"LT00519;0;0;0;0;0;0;0;0;0;0;0;0;0;0"
LT00632;0;0;0;0;0;0;0;0;0;0;0;0;0;0;"LT00632;0;0;0;0;0;0;0;0;0;0;0;0;0;0"
LT00733;0;0;0;0;0;0;0;0;0;0;0;0;0;0;"LT00733;0;0;0;0;0;0;0;0;0;0;0;0;0;0"
LT00799;0;0;0;0;0;0;0;0;0;0;0;0;0;0;"LT00799;0;0;0;0;0;0;0;0;0;0;0;0;0;0"
LT01210;0;0;0;0;0;0;0;0;0;0;0;0;0;0;"LT01210;0;0;0;0;0;0;0;0;0;0;0;0;0;0"
LT01301;0;0;0;0;0;0;0;0;0;0;0;0;0;0;"LT01301;0;0;0;0;0;0;0;0;0;0;0;0;0;0"
LT01359;0;0;0;0;0;0;0;0;0;0;0;0;0;0;"LT01359;0;0;0;0;0;0;0;0;0;0;0;0;0;0"
LT01477;0;0;0;0;0;0;0;0;0;0;0;0;0;0;"LT01477;0;0;0;0;0;0;0;0;0;0;0;0;0;0"
LT02049;0;0;0;0;0;0;0;0;0;0;0;0;0;0;"LT02049;0;0;0;0;0;0;0;0;0;0;0;0;0;0"
LT02296;0;0;0;0;0;0;0;0;0;0;0;0;0;0;"LT02296;0;0;0;0;0;0;0;0;0;0;0;0;0;0"
LT02519;0;0;0;0;0;0;0;0;0;0;0;0;0;0;"LT02519;0;0;0;0;0;0;0;0;0;0;0;0;0;0"
LT02530;0;0;0;0;0;0;0;0;0;0;0;0;0;0;"LT02530;0;0;0;0;0;0;0;0;0;0;0;0;0;0"
LT02778;0;0;0;0;0;0;0;0;0;0;0;0;0;0;"LT02778;0;0;0;0;0;0;0;0;0;0;0;0;0;0"
LT02879;0;0;0;0;0;0;0;0;0;0;0;0;0;0;"LT02879;0;0;0;0;0;0;0;0;0;0;0;0;0;0"
LT03255;0;0;0;0;0;0;0;0;0;0;0;0;0;0;"LT03255;0;0;0;0;0;0;0;0;0;0;0;0;0;0"
LT03391;0;0;0;0;0;0;0;0;0;0;0;0;0;0;"LT03391;0;0;0;0;0;0;0;0;0;0;0;0;0;0"
LT03448;0;0;0;0;0;0;0;0;0;0;0;0;0;0;"LT03448;0;0;0;0;0;0;0;0;0;0;0;0;0;0"
LT03481;0;0;0;0;0;0;0;0;0;0;0;0;0;0;"LT03481;0;0;0;0;0;0;0;0;0;0;0;0;0;0"
LT03482;0;0;0;0;0;0;0;0;0;0;0;0;0;0;"LT03482;0;0;0;0;0;0;0;0;0;0;0;0;0;0"
LT03504;0;0;0;0;0;0;0;0;0;0;0;0;0;0;"LT03504;0;0;0;0;0;0;0;0;0;0;0;0;0;0"
LT03650;0;0;0;0;0;0;0;0;0;0;0;0;0;0;"LT03650;0;0;0;0;0;0;0;0;0;0;0;0;0;0"
LT00026;0;0;0;3;0;0;0;0;0;0;0;0;0;0;"LT00026;0;0;0;3;0;0;0;0;0;0;0;0;0;0"
LT00045;0;0;0;9;0;0;0;0;0;0;0;0;0;0;"LT00045;0;0;0;9;0;0;0;0;0;0;0;0;0;0"
LT00143;0;0;0;10;0;0;0;0;0;0;0;0;0;0;"LT00143;0;0;0;10;0;0;0;0;0;0;0;0;0;0"
LT00161;0;0;0;7;0;0;0;0;0;0;0;0;0;0;"LT00161;0;0;0;7;0;0;0;0;0;0;0;0;0;0"
LT00286;0;0;0;10;0;0;0;0;0;0;0;0;0;0;"LT00286;0;0;0;10;0;0;0;0;0;0;0;0;0;0"
LT00306;0;0;0;8;0;0;0;0;0;0;0;0;0;0;"LT00306;0;0;0;8;0;0;0;0;0;0;0;0;0;0"
LT00310;0;0;0;12;0;0;0;0;0;0;0;0;0;0;"LT00310;0;0;0;12;0;0;0;0;0;0;0;0;0;0"
LT00390;0;0;0;7;0;0;0;0;0;0;0;0;0;0;"LT00390;0;0;0;7;0;0;0;0;0;0;0;0;0;0"
LT00848;0;0;0;4;0;0;0;0;0;0;0;0;0;0;"LT00848;0;0;0;4;0;0;0;0;0;0;0;0;0;0"
LT01279;0;0;0;4;0;0;0;0;0;0;0;0;0;0;"LT01279;0;0;0;4;0;0;0;0;0;0;0;0;0;0"
LT01362;0;0;0;5;0;0;0;0;0;0;0;0;0;0;"LT01362;0;0;0;5;0;0;0;0;0;0;0;0;0;0"
LT01727;0;0;0;4;0;0;0;0;0;0;0;0;0;0;"LT01727;0;0;0;4;0;0;0;0;0;0;0;0;0;0"
LT01763;0;0;0;2;0;0;0;0;0;0;0;0;0;0;"LT01763;0;0;0;2;0;0;0;0;0;0;0;0;0;0"
LT02738;0;0;0;3;0;0;0;0;0;0;0;0;0;0;"LT02738;0;0;0;3;0;0;0;0;0;0;0;0;0;0"
LT02740;0;0;0;3;0;0;0;0;0;0;0;0;0;0;"LT02740;0;0;0;3;0;0;0;0;0;0;0;0;0;0"
LT02882;0;0;0;1;0;0;0;0;0;0;0;0;0;0;"LT02882;0;0;0;1;0;0;0;0;0;0;0;0;0;0"
LT03017;0;0;0;1;0;0;0;0;0;0;0;0;0;0;"LT03017;0;0;0;1;0;0;0;0;0;0;0;0;0;0"
LT03250;0;0;0;9;0;0;0;0;0;0;0;0;0;0;"LT03250;0;0;0;9;0;0;0;0;0;0;0;0;0;0"
LT03251;0;0;0;4;0;0;0;0;0;0;0;0;0;0;"LT03251;0;0;0;4;0;0;0;0;0;0;0;0;0;0"
LT00040;0;0;0;11;0;0;0;0;0;0;0;0;0;0;"LT00040;0;0;0;11;0;0;0;0;0;0;0;0;0;0"
LT03284;0;0;0;4;0;0;0;0;0;0;0;0;0;0;"LT03284;0;0;0;4;0;0;0;0;0;0;0;0;0;0"
LT03285;0;0;0;6;0;0;0;0;0;0;0;0;0;0;"LT03285;0;0;0;6;0;0;0;0;0;0;0;0;0;0"
LT00016;0;0;0;12;0;0;0;0;0;0;0;0;0;0;"LT00016;0;0;0;12;0;0;0;0;0;0;0;0;0;0"
LT00022;0;0;0;2;0;0;0;0;0;0;0;0;0;0;"LT00022;0;0;0;2;0;0;0;0;0;0;0;0;0;0"
LT00025;0;0;0;12;0;0;0;0;0;0;0;0;0;0;"LT00025;0;0;0;12;0;0;0;0;0;0;0;0;0;0"
LT00047;0;0;0;11;0;0;0;0;0;0;0;0;0;0;"LT00047;0;0;0;11;0;0;0;0;0;0;0;0;0;0"
LT00103;0;0;0;9;0;0;0;0;0;0;0;0;0;0;"LT00103;0;0;0;9;0;0;0;0;0;0;0;0;0;0"
LT00224;0;0;0;12;0;0;0;0;0;0;0;0;0;0;"LT00224;0;0;0;12;0;0;0;0;0;0;0;0;0;0"
LT00225;0;0;0;6;0;0;0;0;0;0;0;0;0;0;"LT00225;0;0;0;6;0;0;0;0;0;0;0;0;0;0"
LT00401;0;0;0;6;0;0;0;0;0;0;0;0;0;0;"LT00401;0;0;0;6;0;0;0;0;0;0;0;0;0;0"
LT00449;0;0;0;10;0;0;0;0;0;0;0;0;0;0;"LT00449;0;0;0;10;0;0;0;0;0;0;0;0;0;0"
LT00465;0;0;0;6;0;0;0;0;0;0;0;0;0;0;"LT00465;0;0;0;6;0;0;0;0;0;0;0;0;0;0"
LT00831;0;0;0;3;0;0;0;0;0;0;0;0;0;0;"LT00831;0;0;0;3;0;0;0;0;0;0;0;0;0;0"
LT00849;0;0;0;1;0;0;0;0;0;0;0;0;0;0;"LT00849;0;0;0;1;0;0;0;0;0;0;0;0;0;0"
LT01706;0;0;0;0;0;0;0;0;0;0;0;0;0;0;"LT01706;0;0;0;0;0;0;0;0;0;0;0;0;0;0"
LT01721;0;0;0;0;0;0;0;0;0;0;0;0;0;0;"LT01721;0;0;0;0;0;0;0;0;0;0;0;0;0;0"
LT01722;0;0;0;0;0;0;0;0;0;0;0;0;0;0;"LT01722;0;0;0;0;0;0;0;0;0;0;0;0;0;0"
LT01723;0;0;0;2;0;0;0;0;0;0;0;0;0;0;"LT01723;0;0;0;2;0;0;0;0;0;0;0;0;0;0"
LT01760;0;0;0;2;0;0;0;0;0;0;0;0;0;0;"LT01760;0;0;0;2;0;0;0;0;0;0;0;0;0;0"
LT01940;0;0;0;3;0;0;0;0;0;0;0;0;0;0;"LT01940;0;0;0;3;0;0;0;0;0;0;0;0;0;0"
LT02008;0;0;0;5;0;0;0;0;0;0;0;0;0;0;"LT02008;0;0;0;5;0;0;0;0;0;0;0;0;0;0"
LT02406;0;0;0;0;0;0;0;0;0;0;0;0;0;0;"LT02406;0;0;0;0;0;0;0;0;0;0;0;0;0;0"
LT02513;0;0;0;2;0;0;0;0;0;0;0;0;0;0;"LT02513;0;0;0;2;0;0;0;0;0;0;0;0;0;0"
LT02515;0;0;0;10;0;0;0;0;0;0;0;0;0;0;"LT02515;0;0;0;10;0;0;0;0;0;0;0;0;0;0"
LT02725;0;0;0;0;0;0;0;0;0;0;0;0;0;0;"LT02725;0;0;0;0;0;0;0;0;0;0;0;0;0;0"
LT03026;0;0;0;2;0;0;0;0;0;0;0;0;0;0;"LT03026;0;0;0;2;0;0;0;0;0;0;0;0;0;0"
LT03059;0;0;0;6;0;0;0;0;0;0;0;0;0;0;"LT03059;0;0;0;6;0;0;0;0;0;0;0;0;0;0"
LT03325;0;0;0;5;0;0;0;0;0;0;0;0;0;0;"LT03325;0;0;0;5;0;0;0;0;0;0;0;0;0;0"
LT03338;0;0;0;4;0;0;0;0;0;0;0;0;0;0;"LT03338;0;0;0;4;0;0;0;0;0;0;0;0;0;0"
LT03376;0;0;0;2;0;0;0;0;0;0;0;0;0;0;"LT03376;0;0;0;2;0;0;0;0;0;0;0;0;0;0"
LT03752;0;0;0;0;0;0;0;0;0;0;0;0;0;0;"LT03752;0;0;0;0;0;0;0;0;0;0;0;0;0;0"
LT03754;0;0;0;12;0;0;0;0;0;0;0;0;0;0;"LT03754;0;0;0;12;0;0;0;0;0;0;0;0;0;0"
LT03805;0;0;0;0;0;0;0;0;0;0;0;0;0;0;"LT03805;0;0;0;0;0;0;0;0;0;0;0;0;0;0"
LT03830;0;0;0;0;0;0;0;0;0;0;0;0;0;0;"LT03830;0;0;0;0;0;0;0;0;0;0;0;0;0;0"
LT00008;0;0;0;5;0;0;0;0;0;0;0;0;0;0;"LT00008;0;0;0;5;0;0;0;0;0;0;0;0;0;0"
LT00021;0;0;0;9;0;0;0;0;0;0;0;0;0;0;"LT00021;0;0;0;9;0;0;0;0;0;0;0;0;0;0"
LT00030;0;0;0;12;0;0;0;0;0;0;0;0;0;0;"LT00030;0;0;0;12;0;0;0;0;0;0;0;0;0;0"
LT00049;0;0;0;12;0;0;0;0;0;0;0;0;0;0;"LT00049;0;0;0;12;0;0;0;0;0;0;0;0;0;0"
LT00051;0;0;0;7;0;0;0;0;0;0;0;0;0;0;"LT00051;0;0;0;7;0;0;0;0;0;0;0;0;0;0"
LT00157;0;0;0;9;0;0;0;0;0;0;0;0;0;0;"LT00157;0;0;0;9;0;0;0;0;0;0;0;0;0;0"
LT00173;0;0;0;11;0;0;0;0;0;0;0;0;0;0;"LT00173;0;0;0;11;0;0;0;0;0;0;0;0;0;0"
LT00200;0;0;0;11;0;0;0;0;0;0;0;0;0;0;"LT00200;0;0;0;11;0;0;0;0;0;0;0;0;0;0"
LT00246;0;0;0;12;0;0;0;0;0;0;0;0;0;0;"LT00246;0;0;0;12;0;0;0;0;0;0;0;0;0;0"
LT00290;0;0;0;6;0;0;0;0;0;0;0;0;0;0;"LT00290;0;0;0;6;0;0;0;0;0;0;0;0;0;0"
LT00448;0;0;0;10;0;0;0;0;0;0;0;0;0;0;"LT00448;0;0;0;10;0;0;0;0;0;0;0;0;0;0"
LT00778;0;0;0;3;0;0;0;0;0;0;0;0;0;0;"LT00778;0;0;0;3;0;0;0;0;0;0;0;0;0;0"
LT00857;0;0;0;0;0;0;0;0;0;0;0;0;0;0;"LT00857;0;0;0;0;0;0;0;0;0;0;0;0;0;0"
LT01400;0;0;0;2;0;0;0;0;0;0;0;0;0;0;"LT01400;0;0;0;2;0;0;0;0;0;0;0;0;0;0"
LT01453;0;0;0;1;0;0;0;0;0;0;0;0;0;0;"LT01453;0;0;0;1;0;0;0;0;0;0;0;0;0;0"
LT01479;0;0;0;1;0;0;0;0;0;0;0;0;0;0;"LT01479;0;0;0;1;0;0;0;0;0;0;0;0;0;0"
LT01621;0;0;0;0;0;0;0;0;0;0;0;0;0;0;"LT01621;0;0;0;0;0;0;0;0;0;0;0;0;0;0"
LT01956;0;0;0;0;0;0;0;0;0;0;0;0;0;0;"LT01956;0;0;0;0;0;0;0;0;0;0;0;0;0;0"
LT02403;0;0;0;2;0;0;0;0;0;0;0;0;0;0;"LT02403;0;0;0;2;0;0;0;0;0;0;0;0;0;0"
LT02726;0;0;0;0;0;0;0;0;0;0;0;0;0;0;"LT02726;0;0;0;0;0;0;0;0;0;0;0;0;0;0"
LT02864;0;0;0;0;0;0;0;0;0;0;0;0;0;0;"LT02864;0;0;0;0;0;0;0;0;0;0;0;0;0;0"
LT02872;0;0;0;0;0;0;0;0;0;0;0;0;0;0;"LT02872;0;0;0;0;0;0;0;0;0;0;0;0;0;0"
LT02905;0;0;0;1;0;0;0;0;0;0;0;0;0;0;"LT02905;0;0;0;1;0;0;0;0;0;0;0;0;0;0"
LT02957;0;0;0;2;0;0;0;0;0;0;0;0;0;0;"LT02957;0;0;0;2;0;0;0;0;0;0;0;0;0;0"
LT02958;0;0;0;3;0;0;0;0;0;0;0;0;0;0;"LT02958;0;0;0;3;0;0;0;0;0;0;0;0;0;0"
LT02959;0;0;0;2;0;0;0;0;0;0;0;0;0;0;"LT02959;0;0;0;2;0;0;0;0;0;0;0;0;0;0"
LT02966;0;0;0;3;0;0;0;0;0;0;0;0;0;0;"LT02966;0;0;0;3;0;0;0;0;0;0;0;0;0;0"
LT03007;0;0;0;0;0;0;0;0;0;0;0;0;0;0;"LT03007;0;0;0;0;0;0;0;0;0;0;0;0;0;0"
LT03193;0;0;0;5;0;0;0;0;0;0;0;0;0;0;"LT03193;0;0;0;5;0;0;0;0;0;0;0;0;0;0"
LT03716;0;0;0;1;0;0;0;0;0;0;0;0;0;0;"LT03716;0;0;0;1;0;0;0;0;0;0;0;0;0;0"
LT03827;0;0;0;0;0;0;0;0;0;0;0;0;0;0;"LT03827;0;0;0;0;0;0;0;0;0;0;0;0;0;0"
LT03854;0;0;0;0;0;0;0;0;0;0;0;0;0;0;"LT03854;0;0;0;0;0;0;0;0;0;0;0;0;0;0"
LT02388;0;0;0;1;0;0;0;0;0;0;0;0;0;0;"LT02388;0;0;0;1;0;0;0;0;0;0;0;0;0;0"
LT03004;0;0;0;0;0;0;0;0;0;0;0;0;0;0;"LT03004;0;0;0;0;0;0;0;0;0;0;0;0;0;0"
LT00019;0;0;0;3;0;0;0;0;0;0;0;0;0;0;"LT00019;0;0;0;3;0;0;0;0;0;0;0;0;0;0"
LT00038;0;0;0;6;0;0;0;0;0;0;0;0;0;0;"LT00038;0;0;0;6;0;0;0;0;0;0;0;0;0;0"
LT00054;0;0;0;5;0;0;0;0;0;0;0;0;0;0;"LT00054;0;0;0;5;0;0;0;0;0;0;0;0;0;0"
LT02258;0;0;0;0;0;0;0;0;0;0;0;0;0;0;"LT02258;0;0;0;0;0;0;0;0;0;0;0;0;0;0"
LT03003;0;0;0;0;0;0;0;0;0;0;0;0;0;0;"LT03003;0;0;0;0;0;0;0;0;0;0;0;0;0;0"
LT00134;0;0;0;6;0;0;0;0;0;0;0;0;0;0;"LT00134;0;0;0;6;0;0;0;0;0;0;0;0;0;0"
LT00137;0;0;0;14;0;0;0;0;0;0;0;0;0;0;"LT00137;0;0;0;14;0;0;0;0;0;0;0;0;0;0"
LT00245;0;0;0;18;0;0;0;0;0;0;0;0;0;0;"LT00245;0;0;0;18;0;0;0;0;0;0;0;0;0;0"
LT00504;0;0;0;6;0;0;0;0;0;0;0;0;0;0;"LT00504;0;0;0;6;0;0;0;0;0;0;0;0;0;0"
LT00513;0;0;0;8;0;0;0;0;0;0;0;0;0;0;"LT00513;0;0;0;8;0;0;0;0;0;0;0;0;0;0"
LT00517;0;0;0;8;0;0;0;0;0;0;0;0;0;0;"LT00517;0;0;0;8;0;0;0;0;0;0;0;0;0;0"
LT00587;0;0;0;10;0;0;0;0;0;0;0;0;0;0;"LT00587;0;0;0;10;0;0;0;0;0;0;0;0;0;0"
LT00699;0;0;0;2;0;0;0;0;0;0;0;0;0;0;"LT00699;0;0;0;2;0;0;0;0;0;0;0;0;0;0"
LT00878;0;0;0;6;0;0;0;0;0;0;0;0;0;0;"LT00878;0;0;0;6;0;0;0;0;0;0;0;0;0;0"
LT00938;0;0;0;10;0;0;0;0;0;0;0;0;0;0;"LT00938;0;0;0;10;0;0;0;0;0;0;0;0;0;0"
LT01280;0;0;0;12;0;0;0;0;0;0;0;0;0;0;"LT01280;0;0;0;12;0;0;0;0;0;0;0;0;0;0"
LT01452;0;0;0;6;0;0;0;0;0;0;0;0;0;0;"LT01452;0;0;0;6;0;0;0;0;0;0;0;0;0;0"
LT01475;0;0;0;4;0;0;0;0;0;0;0;0;0;0;"LT01475;0;0;0;4;0;0;0;0;0;0;0;0;0;0"
LT01496;0;0;0;4;0;0;0;0;0;0;0;0;0;0;"LT01496;0;0;0;4;0;0;0;0;0;0;0;0;0;0"
LT01756;0;0;0;0;0;0;0;0;0;0;0;0;0;0;"LT01756;0;0;0;0;0;0;0;0;0;0;0;0;0;0"
LT01821;0;0;0;0;0;0;0;0;0;0;0;0;0;0;"LT01821;0;0;0;0;0;0;0;0;0;0;0;0;0;0"
LT01954;0;0;0;0;0;0;0;0;0;0;0;0;0;0;"LT01954;0;0;0;0;0;0;0;0;0;0;0;0;0;0"
LT02367;0;0;0;2;0;0;0;0;0;0;0;0;0;0;"LT02367;0;0;0;2;0;0;0;0;0;0;0;0;0;0"
LT02402;0;0;0;4;0;0;0;0;0;0;0;0;0;0;"LT02402;0;0;0;4;0;0;0;0;0;0;0;0;0;0"
LT02516;0;0;0;2;0;0;0;0;0;0;0;0;0;0;"LT02516;0;0;0;2;0;0;0;0;0;0;0;0;0;0"
LT02739;0;0;0;8;0;0;0;0;0;0;0;0;0;0;"LT02739;0;0;0;8;0;0;0;0;0;0;0;0;0;0"
LT02784;0;0;0;6;0;0;0;0;0;0;0;0;0;0;"LT02784;0;0;0;6;0;0;0;0;0;0;0;0;0;0"
LT02919;0;0;0;4;0;0;0;0;0;0;0;0;0;0;"LT02919;0;0;0;4;0;0;0;0;0;0;0;0;0;0"
LT02998;0;0;0;0;0;0;0;0;0;0;0;0;0;0;"LT02998;0;0;0;0;0;0;0;0;0;0;0;0;0;0"
LT03106;0;0;0;0;0;0;0;0;0;0;0;0;0;0;"LT03106;0;0;0;0;0;0;0;0;0;0;0;0;0;0"
LT03125;0;0;0;0;0;0;0;0;0;0;0;0;0;0;"LT03125;0;0;0;0;0;0;0;0;0;0;0;0;0;0"
LT03146;0;0;0;2;0;0;0;0;0;0;0;0;0;0;"LT03146;0;0;0;2;0;0;0;0;0;0;0;0;0;0"
LT03352;0;0;0;4;0;0;0;0;0;0;0;0;0;0;"LT03352;0;0;0;4;0;0;0;0;0;0;0;0;0;0"
LT03370;0;0;0;8;0;0;0;0;0;0;0;0;0;0;"LT03370;0;0;0;8;0;0;0;0;0;0;0;0;0;0"
LT03371;0;0;0;0;0;0;0;0;0;0;0;0;0;0;"LT03371;0;0;0;0;0;0;0;0;0;0;0;0;0;0"
LT03471;0;0;0;2;0;0;0;0;0;0;0;0;0;0;"LT03471;0;0;0;2;0;0;0;0;0;0;0;0;0;0"
LT01104;0;0;0;0;0;0;0;0;0;0;0;0;0;0;"LT01104;0;0;0;0;0;0;0;0;0;0;0;0;0;0"
LT00637;0;0;0;6;0;0;0;0;0;0;0;0;0;0;"LT00637;0;0;0;6;0;0;0;0;0;0;0;0;0;0"
LT03741;0;0;0;0;0;0;0;0;0;0;0;0;0;0;"LT03741;0;0;0;0;0;0;0;0;0;0;0;0;0;0"
LT00001;0;0;0;12;0;0;0;0;0;0;0;0;0;0;"LT00001;0;0;0;12;0;0;0;0;0;0;0;0;0;0"
LT00024;0;0;0;10;0;0;0;0;0;0;0;0;0;0;"LT00024;0;0;0;10;0;0;0;0;0;0;0;0;0;0"
LT00115;0;0;0;8;0;0;0;0;0;0;0;0;0;0;"LT00115;0;0;0;8;0;0;0;0;0;0;0;0;0;0"
LT00176;0;0;0;6;0;0;0;0;0;0;0;0;0;0;"LT00176;0;0;0;6;0;0;0;0;0;0;0;0;0;0"
LT00825;0;0;0;3;0;0;0;0;0;0;0;0;0;0;"LT00825;0;0;0;3;0;0;0;0;0;0;0;0;0;0"
LT01297;0;0;0;6;0;0;0;0;0;0;0;0;0;0;"LT01297;0;0;0;6;0;0;0;0;0;0;0;0;0;0"
LT02397;0;0;0;0;0;0;0;0;0;0;0;0;0;0;"LT02397;0;0;0;0;0;0;0;0;0;0;0;0;0;0"
LT00034;0;0;0;8;0;0;0;0;0;0;0;0;0;0;"LT00034;0;0;0;8;0;0;0;0;0;0;0;0;0;0"
LT00148;0;0;0;11;0;0;0;0;0;0;0;0;0;0;"LT00148;0;0;0;11;0;0;0;0;0;0;0;0;0;0"
LT01525;0;0;0;1;0;0;0;0;0;0;0;0;0;0;"LT01525;0;0;0;1;0;0;0;0;0;0;0;0;0;0"
LT00314;0;0;0;2;0;0;0;0;0;0;0;0;0;0;"LT00314;0;0;0;2;0;0;0;0;0;0;0;0;0;0"
LT00096;0;0;0;11;0;0;0;0;0;0;0;0;0;0;"LT00096;0;0;0;11;0;0;0;0;0;0;0;0;0;0"
LT01460;0;0;0;5;0;0;0;0;0;0;0;0;0;0;"LT01460;0;0;0;5;0;0;0;0;0;0;0;0;0;0"
LT03224;0;0;0;0;0;0;0;0;0;0;0;0;0;0;"LT03224;0;0;0;0;0;0;0;0;0;0;0;0;0;0"
LT00105;0;0;0;3;0;0;0;0;0;0;0;0;0;0;"LT00105;0;0;0;3;0;0;0;0;0;0;0;0;0;0"
LT00141;0;0;0;3;0;0;0;0;0;0;0;0;0;0;"LT00141;0;0;0;3;0;0;0;0;0;0;0;0;0;0"
LT02948;0;0;0;0;0;0;0;0;0;0;0;0;0;0;"LT02948;0;0;0;0;0;0;0;0;0;0;0;0;0;0"
LT00041;0;0;0;10;0;0;0;0;0;0;0;0;0;0;"LT00041;0;0;0;10;0;0;0;0;0;0;0;0;0;0"
LT00094;0;0;0;11;0;0;0;0;0;0;0;0;0;0;"LT00094;0;0;0;11;0;0;0;0;0;0;0;0;0;0"
LT00140;0;0;0;10;0;0;0;0;0;0;0;0;0;0;"LT00140;0;0;0;10;0;0;0;0;0;0;0;0;0;0"
LT00194;0;0;0;4;0;0;0;0;0;0;0;0;0;0;"LT00194;0;0;0;4;0;0;0;0;0;0;0;0;0;0"
LT00434;0;0;0;8;0;0;0;0;0;0;0;0;0;0;"LT00434;0;0;0;8;0;0;0;0;0;0;0;0;0;0"
LT00447;0;0;0;8;0;0;0;0;0;0;0;0;0;0;"LT00447;0;0;0;8;0;0;0;0;0;0;0;0;0;0"
LT00779;0;0;0;4;0;0;0;0;0;0;0;0;0;0;"LT00779;0;0;0;4;0;0;0;0;0;0;0;0;0;0"
LT00834;0;0;0;5;0;0;0;0;0;0;0;0;0;0;"LT00834;0;0;0;5;0;0;0;0;0;0;0;0;0;0"
LT01498;0;0;0;5;0;0;0;0;0;0;0;0;0;0;"LT01498;0;0;0;5;0;0;0;0;0;0;0;0;0;0"
LT02484;0;0;0;5;0;0;0;0;0;0;0;0;0;0;"LT02484;0;0;0;5;0;0;0;0;0;0;0;0;0;0"
LT00213;0;0;0;6;0;0;0;0;0;0;0;0;0;0;"LT00213;0;0;0;6;0;0;0;0;0;0;0;0;0;0"
LT00281;0;0;0;4;0;0;0;0;0;0;0;0;0;0;"LT00281;0;0;0;4;0;0;0;0;0;0;0;0;0;0"
LT00450;0;0;0;8;0;0;0;0;0;0;0;0;0;0;"LT00450;0;0;0;8;0;0;0;0;0;0;0;0;0;0"
LT00548;0;0;0;4;0;0;0;0;0;0;0;0;0;0;"LT00548;0;0;0;4;0;0;0;0;0;0;0;0;0;0"
LT00550;0;0;0;4;0;0;0;0;0;0;0;0;0;0;"LT00550;0;0;0;4;0;0;0;0;0;0;0;0;0;0"
LT00622;0;0;0;5;0;0;0;0;0;0;0;0;0;0;"LT00622;0;0;0;5;0;0;0;0;0;0;0;0;0;0"
LT03781;0;0;0;0;0;0;0;0;0;0;0;0;0;0;"LT03781;0;0;0;0;0;0;0;0;0;0;0;0;0;0"
LT03782;0;0;0;0;0;0;0;0;0;0;0;0;0;0;"LT03782;0;0;0;0;0;0;0;0;0;0;0;0;0;0"
LT02747;0;0;0;0;0;0;0;0;0;0;0;0;0;0;"LT02747;0;0;0;0;0;0;0;0;0;0;0;0;0;0"
LT03108;0;0;0;1;0;0;0;0;0;0;0;0;0;0;"LT03108;0;0;0;1;0;0;0;0;0;0;0;0;0;0"
LT03631;0;0;0;4;0;0;0;0;0;0;0;0;0;0;"LT03631;0;0;0;4;0;0;0;0;0;0;0;0;0;0"
LT03705;0;0;0;3;0;0;0;0;0;0;0;0;0;0;"LT03705;0;0;0;3;0;0;0;0;0;0;0;0;0;0"
LT03647;0;0;0;4;0;0;0;0;0;0;0;0;0;0;"LT03647;0;0;0;4;0;0;0;0;0;0;0;0;0;0"
LT03673;0;0;0;3;0;0;0;0;0;0;0;0;0;0;"LT03673;0;0;0;3;0;0;0;0;0;0;0;0;0;0"
LT03564;0;0;0;5;0;0;0;0;0;0;0;0;0;0;"LT03564;0;0;0;5;0;0;0;0;0;0;0;0;0;0"
LT03686;0;0;0;2;0;0;0;0;0;0;0;0;0;0;"LT03686;0;0;0;2;0;0;0;0;0;0;0;0;0;0"
LT03701;0;0;0;3;0;0;0;0;0;0;0;0;0;0;"LT03701;0;0;0;3;0;0;0;0;0;0;0;0;0;0"
LT03726;0;0;0;3;0;0;0;0;0;0;0;0;0;0;"LT03726;0;0;0;3;0;0;0;0;0;0;0;0;0;0"
LT00056;0;0;0;12;0;0;0;0;0;0;0;0;0;0;"LT00056;0;0;0;12;0;0;0;0;0;0;0;0;0;0"
LT00065;0;0;0;0;0;0;0;0;0;0;0;0;0;0;"LT00065;0;0;0;0;0;0;0;0;0;0;0;0;0;0"
LT00165;0;0;0;4;0;0;0;0;0;0;0;0;0;0;"LT00165;0;0;0;4;0;0;0;0;0;0;0;0;0;0"
LT00178;0;0;0;0;0;0;0;0;0;0;0;0;0;0;"LT00178;0;0;0;0;0;0;0;0;0;0;0;0;0;0"
LT00211;0;0;0;0;0;0;0;0;0;0;0;0;0;0;"LT00211;0;0;0;0;0;0;0;0;0;0;0;0;0;0"
LT00253;0;0;0;12;0;0;0;0;0;0;0;0;0;0;"LT00253;0;0;0;12;0;0;0;0;0;0;0;0;0;0"
LT00254;0;0;0;0;0;0;0;0;0;0;0;0;0;0;"LT00254;0;0;0;0;0;0;0;0;0;0;0;0;0;0"
LT00283;0;0;0;4;0;0;0;0;0;0;0;0;0;0;"LT00283;0;0;0;4;0;0;0;0;0;0;0;0;0;0"
LT00289;0;0;0;4;0;0;0;0;0;0;0;0;0;0;"LT00289;0;0;0;4;0;0;0;0;0;0;0;0;0;0"
LT00321;0;0;0;10;0;0;0;0;0;0;0;0;0;0;"LT00321;0;0;0;10;0;0;0;0;0;0;0;0;0;0"
LT00378;0;0;0;0;0;0;0;0;0;0;0;0;0;0;"LT00378;0;0;0;0;0;0;0;0;0;0;0;0;0;0"
LT00438;0;0;0;6;0;0;0;0;0;0;0;0;0;0;"LT00438;0;0;0;6;0;0;0;0;0;0;0;0;0;0"
LT00440;0;0;0;0;0;0;0;0;0;0;0;0;0;0;"LT00440;0;0;0;0;0;0;0;0;0;0;0;0;0;0"
LT00475;0;0;0;6;0;0;0;0;0;0;0;0;0;0;"LT00475;0;0;0;6;0;0;0;0;0;0;0;0;0;0"
LT00522;0;0;0;0;0;0;0;0;0;0;0;0;0;0;"LT00522;0;0;0;0;0;0;0;0;0;0;0;0;0;0"
LT00534;0;0;0;4;0;0;0;0;0;0;0;0;0;0;"LT00534;0;0;0;4;0;0;0;0;0;0;0;0;0;0"
LT00547;0;0;0;4;0;0;0;0;0;0;0;0;0;0;"LT00547;0;0;0;4;0;0;0;0;0;0;0;0;0;0"
LT00556;0;0;0;0;0;0;0;0;0;0;0;0;0;0;"LT00556;0;0;0;0;0;0;0;0;0;0;0;0;0;0"
LT00560;0;0;0;10;0;0;0;0;0;0;0;0;0;0;"LT00560;0;0;0;10;0;0;0;0;0;0;0;0;0;0"
LT00592;0;0;0;2;0;0;0;0;0;0;0;0;0;0;"LT00592;0;0;0;2;0;0;0;0;0;0;0;0;0;0"
LT00648;0;0;0;0;0;0;0;0;0;0;0;0;0;0;"LT00648;0;0;0;0;0;0;0;0;0;0;0;0;0;0"
LT00650;0;0;0;2;0;0;0;0;0;0;0;0;0;0;"LT00650;0;0;0;2;0;0;0;0;0;0;0;0;0;0"
LT00697;0;0;0;0;0;0;0;0;0;0;0;0;0;0;"LT00697;0;0;0;0;0;0;0;0;0;0;0;0;0;0"
LT00701;0;0;0;0;0;0;0;0;0;0;0;0;0;0;"LT00701;0;0;0;0;0;0;0;0;0;0;0;0;0;0"
LT00763;0;0;0;6;0;0;0;0;0;0;0;0;0;0;"LT00763;0;0;0;6;0;0;0;0;0;0;0;0;0;0"
LT00802;0;0;0;0;0;0;0;0;0;0;0;0;0;0;"LT00802;0;0;0;0;0;0;0;0;0;0;0;0;0;0"
LT00806;0;0;0;0;0;0;0;0;0;0;0;0;0;0;"LT00806;0;0;0;0;0;0;0;0;0;0;0;0;0;0"
LT00873;0;0;0;8;0;0;0;0;0;0;0;0;0;0;"LT00873;0;0;0;8;0;0;0;0;0;0;0;0;0;0"
LT00882;0;0;0;0;0;0;0;0;0;0;0;0;0;0;"LT00882;0;0;0;0;0;0;0;0;0;0;0;0;0;0"
LT00892;0;0;0;2;0;0;0;0;0;0;0;0;0;0;"LT00892;0;0;0;2;0;0;0;0;0;0;0;0;0;0"
LT00926;0;0;0;0;0;0;0;0;0;0;0;0;0;0;"LT00926;0;0;0;0;0;0;0;0;0;0;0;0;0;0"
LT00944;0;0;0;2;0;0;0;0;0;0;0;0;0;0;"LT00944;0;0;0;2;0;0;0;0;0;0;0;0;0;0"
LT01038;0;0;0;10;0;0;0;0;0;0;0;0;0;0;"LT01038;0;0;0;10;0;0;0;0;0;0;0;0;0;0"
LT01072;0;0;0;2;0;0;0;0;0;0;0;0;0;0;"LT01072;0;0;0;2;0;0;0;0;0;0;0;0;0;0"
LT01107;0;0;0;0;0;0;0;0;0;0;0;0;0;0;"LT01107;0;0;0;0;0;0;0;0;0;0;0;0;0;0"
LT01130;0;0;0;6;0;0;0;0;0;0;0;0;0;0;"LT01130;0;0;0;6;0;0;0;0;0;0;0;0;0;0"
LT01158;0;0;0;12;0;0;0;0;0;0;0;0;0;0;"LT01158;0;0;0;12;0;0;0;0;0;0;0;0;0;0"
LT01162;0;0;0;0;0;0;0;0;0;0;0;0;0;0;"LT01162;0;0;0;0;0;0;0;0;0;0;0;0;0;0"
LT01191;0;0;0;0;0;0;0;0;0;0;0;0;0;0;"LT01191;0;0;0;0;0;0;0;0;0;0;0;0;0;0"
LT01268;0;0;0;8;0;0;0;0;0;0;0;0;0;0;"LT01268;0;0;0;8;0;0;0;0;0;0;0;0;0;0"
LT01303;0;0;0;2;0;0;0;0;0;0;0;0;0;0;"LT01303;0;0;0;2;0;0;0;0;0;0;0;0;0;0"
LT01304;0;0;0;0;0;0;0;0;0;0;0;0;0;0;"LT01304;0;0;0;0;0;0;0;0;0;0;0;0;0;0"
LT01306;0;0;0;12;0;0;0;0;0;0;0;0;0;0;"LT01306;0;0;0;12;0;0;0;0;0;0;0;0;0;0"
LT01398;0;0;0;0;0;0;0;0;0;0;0;0;0;0;"LT01398;0;0;0;0;0;0;0;0;0;0;0;0;0;0"
LT01408;0;0;0;2;0;0;0;0;0;0;0;0;0;0;"LT01408;0;0;0;2;0;0;0;0;0;0;0;0;0;0"
LT01446;0;0;0;2;0;0;0;0;0;0;0;0;0;0;"LT01446;0;0;0;2;0;0;0;0;0;0;0;0;0;0"
LT01495;0;0;0;0;0;0;0;0;0;0;0;0;0;0;"LT01495;0;0;0;0;0;0;0;0;0;0;0;0;0;0"
LT01504;0;0;0;2;0;0;0;0;0;0;0;0;0;0;"LT01504;0;0;0;2;0;0;0;0;0;0;0;0;0;0"
LT01733;0;0;0;4;0;0;0;0;0;0;0;0;0;0;"LT01733;0;0;0;4;0;0;0;0;0;0;0;0;0;0"
LT01735;0;0;0;6;0;0;0;0;0;0;0;0;0;0;"LT01735;0;0;0;6;0;0;0;0;0;0;0;0;0;0"
LT01749;0;0;0;12;0;0;0;0;0;0;0;0;0;0;"LT01749;0;0;0;12;0;0;0;0;0;0;0;0;0;0"
LT01810;0;0;0;8;0;0;0;0;0;0;0;0;0;0;"LT01810;0;0;0;8;0;0;0;0;0;0;0;0;0;0"
LT01852;0;0;0;0;0;0;0;0;0;0;0;0;0;0;"LT01852;0;0;0;0;0;0;0;0;0;0;0;0;0;0"
LT01861;0;0;0;2;0;0;0;0;0;0;0;0;0;0;"LT01861;0;0;0;2;0;0;0;0;0;0;0;0;0;0"
LT01866;0;0;0;8;0;0;0;0;0;0;0;0;0;0;"LT01866;0;0;0;8;0;0;0;0;0;0;0;0;0;0"
LT01889;0;0;0;2;0;0;0;0;0;0;0;0;0;0;"LT01889;0;0;0;2;0;0;0;0;0;0;0;0;0;0"
LT02031;0;0;0;12;0;0;0;0;0;0;0;0;0;0;"LT02031;0;0;0;12;0;0;0;0;0;0;0;0;0;0"
LT02293;0;0;0;12;0;0;0;0;0;0;0;0;0;0;"LT02293;0;0;0;12;0;0;0;0;0;0;0;0;0;0"
LT02373;0;0;0;2;0;0;0;0;0;0;0;0;0;0;"LT02373;0;0;0;2;0;0;0;0;0;0;0;0;0;0"
LT02374;0;0;0;0;0;0;0;0;0;0;0;0;0;0;"LT02374;0;0;0;0;0;0;0;0;0;0;0;0;0;0"
LT02501;0;0;0;10;0;0;0;0;0;0;0;0;0;0;"LT02501;0;0;0;10;0;0;0;0;0;0;0;0;0;0"
LT02508;0;0;0;0;0;0;0;0;0;0;0;0;0;0;"LT02508;0;0;0;0;0;0;0;0;0;0;0;0;0;0"
LT02525;0;0;0;8;0;0;0;0;0;0;0;0;0;0;"LT02525;0;0;0;8;0;0;0;0;0;0;0;0;0;0"
LT02539;0;0;0;0;0;0;0;0;0;0;0;0;0;0;"LT02539;0;0;0;0;0;0;0;0;0;0;0;0;0;0"
LT02540;0;0;0;4;0;0;0;0;0;0;0;0;0;0;"LT02540;0;0;0;4;0;0;0;0;0;0;0;0;0;0"
LT02541;0;0;0;0;0;0;0;0;0;0;0;0;0;0;"LT02541;0;0;0;0;0;0;0;0;0;0;0;0;0;0"
LT02542;0;0;0;10;0;0;0;0;0;0;0;0;0;0;"LT02542;0;0;0;10;0;0;0;0;0;0;0;0;0;0"
LT02547;0;0;0;0;0;0;0;0;0;0;0;0;0;0;"LT02547;0;0;0;0;0;0;0;0;0;0;0;0;0;0"
LT02571;0;0;0;8;0;0;0;0;0;0;0;0;0;0;"LT02571;0;0;0;8;0;0;0;0;0;0;0;0;0;0"
LT02587;0;0;0;12;0;0;0;0;0;0;0;0;0;0;"LT02587;0;0;0;12;0;0;0;0;0;0;0;0;0;0"
LT02593;0;0;0;0;0;0;0;0;0;0;0;0;0;0;"LT02593;0;0;0;0;0;0;0;0;0;0;0;0;0;0"
LT02609;0;0;0;12;0;0;0;0;0;0;0;0;0;0;"LT02609;0;0;0;12;0;0;0;0;0;0;0;0;0;0"
LT02613;0;0;0;8;0;0;0;0;0;0;0;0;0;0;"LT02613;0;0;0;8;0;0;0;0;0;0;0;0;0;0"
LT02627;0;0;0;4;0;0;0;0;0;0;0;0;0;0;"LT02627;0;0;0;4;0;0;0;0;0;0;0;0;0;0"
LT02629;0;0;0;4;0;0;0;0;0;0;0;0;0;0;"LT02629;0;0;0;4;0;0;0;0;0;0;0;0;0;0"
LT02649;0;0;0;0;0;0;0;0;0;0;0;0;0;0;"LT02649;0;0;0;0;0;0;0;0;0;0;0;0;0;0"
LT02664;0;0;0;0;0;0;0;0;0;0;0;0;0;0;"LT02664;0;0;0;0;0;0;0;0;0;0;0;0;0;0"
LT02665;0;0;0;10;0;0;0;0;0;0;0;0;0;0;"LT02665;0;0;0;10;0;0;0;0;0;0;0;0;0;0"
LT02667;0;0;0;2;0;0;0;0;0;0;0;0;0;0;"LT02667;0;0;0;2;0;0;0;0;0;0;0;0;0;0"
LT02690;0;0;0;0;0;0;0;0;0;0;0;0;0;0;"LT02690;0;0;0;0;0;0;0;0;0;0;0;0;0;0"
LT02719;0;0;0;0;0;0;0;0;0;0;0;0;0;0;"LT02719;0;0;0;0;0;0;0;0;0;0;0;0;0;0"
LT02757;0;0;0;4;0;0;0;0;0;0;0;0;0;0;"LT02757;0;0;0;4;0;0;0;0;0;0;0;0;0;0"
LT02760;0;0;0;0;0;0;0;0;0;0;0;0;0;0;"LT02760;0;0;0;0;0;0;0;0;0;0;0;0;0;0"
LT02860;0;0;0;6;0;0;0;0;0;0;0;0;0;0;"LT02860;0;0;0;6;0;0;0;0;0;0;0;0;0;0"
LT02908;0;0;0;2;0;0;0;0;0;0;0;0;0;0;"LT02908;0;0;0;2;0;0;0;0;0;0;0;0;0;0"
LT02945;0;0;0;0;0;0;0;0;0;0;0;0;0;0;"LT02945;0;0;0;0;0;0;0;0;0;0;0;0;0;0"
LT02954;0;0;0;4;0;0;0;0;0;0;0;0;0;0;"LT02954;0;0;0;4;0;0;0;0;0;0;0;0;0;0"
LT02970;0;0;0;0;0;0;0;0;0;0;0;0;0;0;"LT02970;0;0;0;0;0;0;0;0;0;0;0;0;0;0"
LT03002;0;0;0;6;0;0;0;0;0;0;0;0;0;0;"LT03002;0;0;0;6;0;0;0;0;0;0;0;0;0;0"
LT03033;0;0;0;6;0;0;0;0;0;0;0;0;0;0;"LT03033;0;0;0;6;0;0;0;0;0;0;0;0;0;0"
LT03051;0;0;0;2;0;0;0;0;0;0;0;0;0;0;"LT03051;0;0;0;2;0;0;0;0;0;0;0;0;0;0"
LT03054;0;0;0;2;0;0;0;0;0;0;0;0;0;0;"LT03054;0;0;0;2;0;0;0;0;0;0;0;0;0;0"
LT03060;0;0;0;12;0;0;0;0;0;0;0;0;0;0;"LT03060;0;0;0;12;0;0;0;0;0;0;0;0;0;0"
LT03089;0;0;0;8;0;0;0;0;0;0;0;0;0;0;"LT03089;0;0;0;8;0;0;0;0;0;0;0;0;0;0"
LT03113;0;0;0;12;0;0;0;0;0;0;0;0;0;0;"LT03113;0;0;0;12;0;0;0;0;0;0;0;0;0;0"
LT03116;0;0;0;8;0;0;0;0;0;0;0;0;0;0;"LT03116;0;0;0;8;0;0;0;0;0;0;0;0;0;0"
LT03117;0;0;0;2;0;0;0;0;0;0;0;0;0;0;"LT03117;0;0;0;2;0;0;0;0;0;0;0;0;0;0"
LT03138;0;0;0;4;0;0;0;0;0;0;0;0;0;0;"LT03138;0;0;0;4;0;0;0;0;0;0;0;0;0;0"
LT03144;0;0;0;12;0;0;0;0;0;0;0;0;0;0;"LT03144;0;0;0;12;0;0;0;0;0;0;0;0;0;0"
LT03180;0;0;0;4;0;0;0;0;0;0;0;0;0;0;"LT03180;0;0;0;4;0;0;0;0;0;0;0;0;0;0"
LT03186;0;0;0;12;0;0;0;0;0;0;0;0;0;0;"LT03186;0;0;0;12;0;0;0;0;0;0;0;0;0;0"
LT03188;0;0;0;12;0;0;0;0;0;0;0;0;0;0;"LT03188;0;0;0;12;0;0;0;0;0;0;0;0;0;0"
LT03225;0;0;0;6;0;0;0;0;0;0;0;0;0;0;"LT03225;0;0;0;6;0;0;0;0;0;0;0;0;0;0"
LT03263;0;0;0;4;0;0;0;0;0;0;0;0;0;0;"LT03263;0;0;0;4;0;0;0;0;0;0;0;0;0;0"
LT03264;0;0;0;4;0;0;0;0;0;0;0;0;0;0;"LT03264;0;0;0;4;0;0;0;0;0;0;0;0;0;0"
LT03266;0;0;0;12;0;0;0;0;0;0;0;0;0;0;"LT03266;0;0;0;12;0;0;0;0;0;0;0;0;0;0"
LT03267;0;0;0;12;0;0;0;0;0;0;0;0;0;0;"LT03267;0;0;0;12;0;0;0;0;0;0;0;0;0;0"
LT03269;0;0;0;4;0;0;0;0;0;0;0;0;0;0;"LT03269;0;0;0;4;0;0;0;0;0;0;0;0;0;0"
LT03278;0;0;0;6;0;0;0;0;0;0;0;0;0;0;"LT03278;0;0;0;6;0;0;0;0;0;0;0;0;0;0"
LT03287;0;0;0;4;0;0;0;0;0;0;0;0;0;0;"LT03287;0;0;0;4;0;0;0;0;0;0;0;0;0;0"
LT03289;0;0;0;12;0;0;0;0;0;0;0;0;0;0;"LT03289;0;0;0;12;0;0;0;0;0;0;0;0;0;0"
LT03299;0;0;0;2;0;0;0;0;0;0;0;0;0;0;"LT03299;0;0;0;2;0;0;0;0;0;0;0;0;0;0"
LT03300;0;0;0;0;0;0;0;0;0;0;0;0;0;0;"LT03300;0;0;0;0;0;0;0;0;0;0;0;0;0;0"
LT03312;0;0;0;8;0;0;0;0;0;0;0;0;0;0;"LT03312;0;0;0;8;0;0;0;0;0;0;0;0;0;0"
LT03327;0;0;0;0;0;0;0;0;0;0;0;0;0;0;"LT03327;0;0;0;0;0;0;0;0;0;0;0;0;0;0"
LT03336;0;0;0;10;0;0;0;0;0;0;0;0;0;0;"LT03336;0;0;0;10;0;0;0;0;0;0;0;0;0;0"
LT03347;0;0;0;2;0;0;0;0;0;0;0;0;0;0;"LT03347;0;0;0;2;0;0;0;0;0;0;0;0;0;0"
LT03386;0;0;0;6;0;0;0;0;0;0;0;0;0;0;"LT03386;0;0;0;6;0;0;0;0;0;0;0;0;0;0"
LT03405;0;0;0;12;0;0;0;0;0;0;0;0;0;0;"LT03405;0;0;0;12;0;0;0;0;0;0;0;0;0;0"
LT03435;0;0;0;12;0;0;0;0;0;0;0;0;0;0;"LT03435;0;0;0;12;0;0;0;0;0;0;0;0;0;0"
LT03449;0;0;0;6;0;0;0;0;0;0;0;0;0;0;"LT03449;0;0;0;6;0;0;0;0;0;0;0;0;0;0"
LT03465;0;0;0;0;0;0;0;0;0;0;0;0;0;0;"LT03465;0;0;0;0;0;0;0;0;0;0;0;0;0;0"
LT03467;0;0;0;6;0;0;0;0;0;0;0;0;0;0;"LT03467;0;0;0;6;0;0;0;0;0;0;0;0;0;0"
LT03497;0;0;0;12;0;0;0;0;0;0;0;0;0;0;"LT03497;0;0;0;12;0;0;0;0;0;0;0;0;0;0"
LT03499;0;0;0;12;0;0;0;0;0;0;0;0;0;0;"LT03499;0;0;0;12;0;0;0;0;0;0;0;0;0;0"
LT03508;0;0;0;6;0;0;0;0;0;0;0;0;0;0;"LT03508;0;0;0;6;0;0;0;0;0;0;0;0;0;0"
LT03559;0;0;0;10;0;0;0;0;0;0;0;0;0;0;"LT03559;0;0;0;10;0;0;0;0;0;0;0;0;0;0"
LT03585;0;0;0;10;0;0;0;0;0;0;0;0;0;0;"LT03585;0;0;0;10;0;0;0;0;0;0;0;0;0;0"
LT03592;0;0;0;10;0;0;0;0;0;0;0;0;0;0;"LT03592;0;0;0;10;0;0;0;0;0;0;0;0;0;0"
LT03605;0;0;0;10;0;0;0;0;0;0;0;0;0;0;"LT03605;0;0;0;10;0;0;0;0;0;0;0;0;0;0"
LT03614;0;0;0;10;0;0;0;0;0;0;0;0;0;0;"LT03614;0;0;0;10;0;0;0;0;0;0;0;0;0;0"
LT03616;0;0;0;10;0;0;0;0;0;0;0;0;0;0;"LT03616;0;0;0;10;0;0;0;0;0;0;0;0;0;0"
LT03633;0;0;0;8;0;0;0;0;0;0;0;0;0;0;"LT03633;0;0;0;8;0;0;0;0;0;0;0;0;0;0"
LT03635;0;0;0;0;0;0;0;0;0;0;0;0;0;0;"LT03635;0;0;0;0;0;0;0;0;0;0;0;0;0;0"
LT03660;0;0;0;8;0;0;0;0;0;0;0;0;0;0;"LT03660;0;0;0;8;0;0;0;0;0;0;0;0;0;0"
LT03676;0;0;0;8;0;0;0;0;0;0;0;0;0;0;"LT03676;0;0;0;8;0;0;0;0;0;0;0;0;0;0"
LT03683;0;0;0;6;0;0;0;0;0;0;0;0;0;0;"LT03683;0;0;0;6;0;0;0;0;0;0;0;0;0;0"
LT03690;0;0;0;6;0;0;0;0;0;0;0;0;0;0;"LT03690;0;0;0;6;0;0;0;0;0;0;0;0;0;0"
LT03691;0;0;0;6;0;0;0;0;0;0;0;0;0;0;"LT03691;0;0;0;6;0;0;0;0;0;0;0;0;0;0"
LT03698;0;0;0;6;0;0;0;0;0;0;0;0;0;0;"LT03698;0;0;0;6;0;0;0;0;0;0;0;0;0;0"
LT03702;0;0;0;6;0;0;0;0;0;0;0;0;0;0;"LT03702;0;0;0;6;0;0;0;0;0;0;0;0;0;0"
LT03710;0;0;0;6;0;0;0;0;0;0;0;0;0;0;"LT03710;0;0;0;6;0;0;0;0;0;0;0;0;0;0"
LT03731;0;0;0;4;0;0;0;0;0;0;0;0;0;0;"LT03731;0;0;0;4;0;0;0;0;0;0;0;0;0;0"
LT03734;0;0;0;6;0;0;0;0;0;0;0;0;0;0;"LT03734;0;0;0;6;0;0;0;0;0;0;0;0;0;0"
LT03743;0;0;0;4;0;0;0;0;0;0;0;0;0;0;"LT03743;0;0;0;4;0;0;0;0;0;0;0;0;0;0"
LT03744;0;0;0;4;0;0;0;0;0;0;0;0;0;0;"LT03744;0;0;0;4;0;0;0;0;0;0;0;0;0;0"
LT03745;0;0;0;4;0;0;0;0;0;0;0;0;0;0;"LT03745;0;0;0;4;0;0;0;0;0;0;0;0;0;0"
LT03747;0;0;0;4;0;0;0;0;0;0;0;0;0;0;"LT03747;0;0;0;4;0;0;0;0;0;0;0;0;0;0"
LT03750;0;0;0;4;0;0;0;0;0;0;0;0;0;0;"LT03750;0;0;0;4;0;0;0;0;0;0;0;0;0;0"
LT03751;0;0;0;4;0;0;0;0;0;0;0;0;0;0;"LT03751;0;0;0;4;0;0;0;0;0;0;0;0;0;0"
LT03759;0;0;0;4;0;0;0;0;0;0;0;0;0;0;"LT03759;0;0;0;4;0;0;0;0;0;0;0;0;0;0"
LT03761;0;0;0;4;0;0;0;0;0;0;0;0;0;0;"LT03761;0;0;0;4;0;0;0;0;0;0;0;0;0;0"
LT03774;0;0;0;0;0;0;0;0;0;0;0;0;0;0;"LT03774;0;0;0;0;0;0;0;0;0;0;0;0;0;0"
LT03775;0;0;0;0;0;0;0;0;0;0;0;0;0;0;"LT03775;0;0;0;0;0;0;0;0;0;0;0;0;0;0"
LT03776;0;0;0;0;0;0;0;0;0;0;0;0;0;0;"LT03776;0;0;0;0;0;0;0;0;0;0;0;0;0;0"
LT03783;0;0;0;0;0;0;0;0;0;0;0;0;0;0;"LT03783;0;0;0;0;0;0;0;0;0;0;0;0;0;0"
LT03784;0;0;0;0;0;0;0;0;0;0;0;0;0;0;"LT03784;0;0;0;0;0;0;0;0;0;0;0;0;0;0"
LT03785;0;0;0;0;0;0;0;0;0;0;0;0;0;0;"LT03785;0;0;0;0;0;0;0;0;0;0;0;0;0;0"
LT03789;0;0;0;0;0;0;0;0;0;0;0;0;0;0;"LT03789;0;0;0;0;0;0;0;0;0;0;0;0;0;0"
LT03797;0;0;0;0;0;0;0;0;0;0;0;0;0;0;"LT03797;0;0;0;0;0;0;0;0;0;0;0;0;0;0"
LT03815;0;0;0;0;0;0;0;0;0;0;0;0;0;0;"LT03815;0;0;0;0;0;0;0;0;0;0;0;0;0;0"
LT03831;0;0;0;0;0;0;0;0;0;0;0;0;0;0;"LT03831;0;0;0;0;0;0;0;0;0;0;0;0;0;0"
LT03832;0;0;0;0;0;0;0;0;0;0;0;0;0;0;"LT03832;0;0;0;0;0;0;0;0;0;0;0;0;0;0"
LT03836;0;0;0;0;0;0;0;0;0;0;0;0;0;0;"LT03836;0;0;0;0;0;0;0;0;0;0;0;0;0;0"
LT03840;0;0;0;0;0;0;0;0;0;0;0;0;0;0;"LT03840;0;0;0;0;0;0;0;0;0;0;0;0;0;0"
LT03842;0;0;0;0;0;0;0;0;0;0;0;0;0;0;"LT03842;0;0;0;0;0;0;0;0;0;0;0;0;0;0"
LT03851;0;0;0;0;0;0;0;0;0;0;0;0;0;0;"LT03851;0;0;0;0;0;0;0;0;0;0;0;0;0;0"
LT00158;0;0;0;0;0;0;0;0;0;0;0;0;0;0;"LT00158;0;0;0;0;0;0;0;0;0;0;0;0;0;0"
LT00362;0;0;0;4;0;0;0;0;0;0;0;0;0;0;"LT00362;0;0;0;4;0;0;0;0;0;0;0;0;0;0"
LT00474;0;0;0;2;0;0;0;0;0;0;0;0;0;0;"LT00474;0;0;0;2;0;0;0;0;0;0;0;0;0;0"
LT00580;0;0;0;0;0;0;0;0;0;0;0;0;0;0;"LT00580;0;0;0;0;0;0;0;0;0;0;0;0;0;0"
LT00602;0;0;0;4;0;0;0;0;0;0;0;0;0;0;"LT00602;0;0;0;4;0;0;0;0;0;0;0;0;0;0"
LT00604;0;0;0;0;0;0;0;0;0;0;0;0;0;0;"LT00604;0;0;0;0;0;0;0;0;0;0;0;0;0;0"
LT00652;0;0;0;0;0;0;0;0;0;0;0;0;0;0;"LT00652;0;0;0;0;0;0;0;0;0;0;0;0;0;0"
LT00706;0;0;0;12;0;0;0;0;0;0;0;0;0;0;"LT00706;0;0;0;12;0;0;0;0;0;0;0;0;0;0"
LT00737;0;0;0;4;0;0;0;0;0;0;0;0;0;0;"LT00737;0;0;0;4;0;0;0;0;0;0;0;0;0;0"
LT00788;0;0;0;2;0;0;0;0;0;0;0;0;0;0;"LT00788;0;0;0;2;0;0;0;0;0;0;0;0;0;0"
LT01108;0;0;0;0;0;0;0;0;0;0;0;0;0;0;"LT01108;0;0;0;0;0;0;0;0;0;0;0;0;0;0"
LT01123;0;0;0;2;0;0;0;0;0;0;0;0;0;0;"LT01123;0;0;0;2;0;0;0;0;0;0;0;0;0;0"
LT01491;0;0;0;0;0;0;0;0;0;0;0;0;0;0;"LT01491;0;0;0;0;0;0;0;0;0;0;0;0;0;0"
LT02545;0;0;0;8;0;0;0;0;0;0;0;0;0;0;"LT02545;0;0;0;8;0;0;0;0;0;0;0;0;0;0"
LT02549;0;0;0;6;0;0;0;0;0;0;0;0;0;0;"LT02549;0;0;0;6;0;0;0;0;0;0;0;0;0;0"
LT02554;0;0;0;2;0;0;0;0;0;0;0;0;0;0;"LT02554;0;0;0;2;0;0;0;0;0;0;0;0;0;0"
LT02560;0;0;0;0;0;0;0;0;0;0;0;0;0;0;"LT02560;0;0;0;0;0;0;0;0;0;0;0;0;0;0"
LT02570;0;0;0;8;0;0;0;0;0;0;0;0;0;0;"LT02570;0;0;0;8;0;0;0;0;0;0;0;0;0;0"
LT02585;0;0;0;0;0;0;0;0;0;0;0;0;0;0;"LT02585;0;0;0;0;0;0;0;0;0;0;0;0;0;0"
LT02591;0;0;0;0;0;0;0;0;0;0;0;0;0;0;"LT02591;0;0;0;0;0;0;0;0;0;0;0;0;0;0"
LT02619;0;0;0;0;0;0;0;0;0;0;0;0;0;0;"LT02619;0;0;0;0;0;0;0;0;0;0;0;0;0;0"
LT02658;0;0;0;8;0;0;0;0;0;0;0;0;0;0;"LT02658;0;0;0;8;0;0;0;0;0;0;0;0;0;0"
LT02714;0;0;0;0;0;0;0;0;0;0;0;0;0;0;"LT02714;0;0;0;0;0;0;0;0;0;0;0;0;0;0"
LT03063;0;0;0;0;0;0;0;0;0;0;0;0;0;0;"LT03063;0;0;0;0;0;0;0;0;0;0;0;0;0;0"
LT03271;0;0;0;0;0;0;0;0;0;0;0;0;0;0;"LT03271;0;0;0;0;0;0;0;0;0;0;0;0;0;0"
LT03402;0;0;0;0;0;0;0;0;0;0;0;0;0;0;"LT03402;0;0;0;0;0;0;0;0;0;0;0;0;0;0"
LT03425;0;0;0;12;0;0;0;0;0;0;0;0;0;0;"LT03425;0;0;0;12;0;0;0;0;0;0;0;0;0;0"
LT03516;0;0;0;0;0;0;0;0;0;0;0;0;0;0;"LT03516;0;0;0;0;0;0;0;0;0;0;0;0;0;0"
LT03602;0;0;0;10;0;0;0;0;0;0;0;0;0;0;"LT03602;0;0;0;10;0;0;0;0;0;0;0;0;0;0"
LT03778;0;0;0;0;0;0;0;0;0;0;0;0;0;0;"LT03778;0;0;0;0;0;0;0;0;0;0;0;0;0;0"
LT00111;0;0;0;0;0;0;0;0;0;0;0;0;0;0;"LT00111;0;0;0;0;0;0;0;0;0;0;0;0;0;0"
LT00614;0;0;0;0;0;0;0;0;0;0;0;0;0;0;"LT00614;0;0;0;0;0;0;0;0;0;0;0;0;0;0"
LT00741;0;0;0;0;0;0;0;0;0;0;0;0;0;0;"LT00741;0;0;0;0;0;0;0;0;0;0;0;0;0;0"
LT00968;0;0;0;0;0;0;0;0;0;0;0;0;0;0;"LT00968;0;0;0;0;0;0;0;0;0;0;0;0;0;0"
LT01179;0;0;0;2;0;0;0;0;0;0;0;0;0;0;"LT01179;0;0;0;2;0;0;0;0;0;0;0;0;0;0"
LT01476;0;0;0;0;0;0;0;0;0;0;0;0;0;0;"LT01476;0;0;0;0;0;0;0;0;0;0;0;0;0;0"
LT02576;0;0;0;2;0;0;0;0;0;0;0;0;0;0;"LT02576;0;0;0;2;0;0;0;0;0;0;0;0;0;0"
LT02580;0;0;0;0;0;0;0;0;0;0;0;0;0;0;"LT02580;0;0;0;0;0;0;0;0;0;0;0;0;0;0"
LT02612;0;0;0;0;0;0;0;0;0;0;0;0;0;0;"LT02612;0;0;0;0;0;0;0;0;0;0;0;0;0;0"
LT02716;0;0;0;4;0;0;0;0;0;0;0;0;0;0;"LT02716;0;0;0;4;0;0;0;0;0;0;0;0;0;0"
LT02993;0;0;0;4;0;0;0;0;0;0;0;0;0;0;"LT02993;0;0;0;4;0;0;0;0;0;0;0;0;0;0"
LT03044;0;0;0;6;0;0;0;0;0;0;0;0;0;0;"LT03044;0;0;0;6;0;0;0;0;0;0;0;0;0;0"
LT03073;0;0;0;0;0;0;0;0;0;0;0;0;0;0;"LT03073;0;0;0;0;0;0;0;0;0;0;0;0;0;0"
LT03078;0;0;0;2;0;0;0;0;0;0;0;0;0;0;"LT03078;0;0;0;2;0;0;0;0;0;0;0;0;0;0"
LT03493;0;0;0;6;0;0;0;0;0;0;0;0;0;0;"LT03493;0;0;0;6;0;0;0;0;0;0;0;0;0;0"
LT03811;0;0;0;0;0;0;0;0;0;0;0;0;0;0;"LT03811;0;0;0;0;0;0;0;0;0;0;0;0;0;0"
LT00095;0;0;0;2;0;0;0;0;0;0;0;0;0;0;"LT00095;0;0;0;2;0;0;0;0;0;0;0;0;0;0"
LT00214;0;0;0;0;0;0;0;0;0;0;0;0;0;0;"LT00214;0;0;0;0;0;0;0;0;0;0;0;0;0;0"
LT00231;0;0;0;4;0;0;0;0;0;0;0;0;0;0;"LT00231;0;0;0;4;0;0;0;0;0;0;0;0;0;0"
LT00233;0;0;0;0;0;0;0;0;0;0;0;0;0;0;"LT00233;0;0;0;0;0;0;0;0;0;0;0;0;0;0"
LT00261;0;0;0;4;0;0;0;0;0;0;0;0;0;0;"LT00261;0;0;0;4;0;0;0;0;0;0;0;0;0;0"
LT00265;0;0;0;0;0;0;0;0;0;0;0;0;0;0;"LT00265;0;0;0;0;0;0;0;0;0;0;0;0;0;0"
LT00279;0;0;0;12;0;0;0;0;0;0;0;0;0;0;"LT00279;0;0;0;12;0;0;0;0;0;0;0;0;0;0"
LT00400;0;0;0;0;0;0;0;0;0;0;0;0;0;0;"LT00400;0;0;0;0;0;0;0;0;0;0;0;0;0;0"
LT00428;0;0;0;2;0;0;0;0;0;0;0;0;0;0;"LT00428;0;0;0;2;0;0;0;0;0;0;0;0;0;0"
LT00460;0;0;0;8;0;0;0;0;0;0;0;0;0;0;"LT00460;0;0;0;8;0;0;0;0;0;0;0;0;0;0"
LT00486;0;0;0;0;0;0;0;0;0;0;0;0;0;0;"LT00486;0;0;0;0;0;0;0;0;0;0;0;0;0;0"
LT00492;0;0;0;6;0;0;0;0;0;0;0;0;0;0;"LT00492;0;0;0;6;0;0;0;0;0;0;0;0;0;0"
LT00510;0;0;0;0;0;0;0;0;0;0;0;0;0;0;"LT00510;0;0;0;0;0;0;0;0;0;0;0;0;0;0"
LT00520;0;0;0;0;0;0;0;0;0;0;0;0;0;0;"LT00520;0;0;0;0;0;0;0;0;0;0;0;0;0;0"
LT00535;0;0;0;0;0;0;0;0;0;0;0;0;0;0;"LT00535;0;0;0;0;0;0;0;0;0;0;0;0;0;0"
LT00540;0;0;0;2;0;0;0;0;0;0;0;0;0;0;"LT00540;0;0;0;2;0;0;0;0;0;0;0;0;0;0"
LT00557;0;0;0;2;0;0;0;0;0;0;0;0;0;0;"LT00557;0;0;0;2;0;0;0;0;0;0;0;0;0;0"
LT00566;0;0;0;0;0;0;0;0;0;0;0;0;0;0;"LT00566;0;0;0;0;0;0;0;0;0;0;0;0;0;0"
LT00567;0;0;0;6;0;0;0;0;0;0;0;0;0;0;"LT00567;0;0;0;6;0;0;0;0;0;0;0;0;0;0"
LT00571;0;0;0;0;0;0;0;0;0;0;0;0;0;0;"LT00571;0;0;0;0;0;0;0;0;0;0;0;0;0;0"
LT00655;0;0;0;0;0;0;0;0;0;0;0;0;0;0;"LT00655;0;0;0;0;0;0;0;0;0;0;0;0;0;0"
LT00678;0;0;0;0;0;0;0;0;0;0;0;0;0;0;"LT00678;0;0;0;0;0;0;0;0;0;0;0;0;0;0"
LT00709;0;0;0;8;0;0;0;0;0;0;0;0;0;0;"LT00709;0;0;0;8;0;0;0;0;0;0;0;0;0;0"
LT00713;0;0;0;0;0;0;0;0;0;0;0;0;0;0;"LT00713;0;0;0;0;0;0;0;0;0;0;0;0;0;0"
LT00735;0;0;0;0;0;0;0;0;0;0;0;0;0;0;"LT00735;0;0;0;0;0;0;0;0;0;0;0;0;0;0"
LT00793;0;0;0;10;0;0;0;0;0;0;0;0;0;0;"LT00793;0;0;0;10;0;0;0;0;0;0;0;0;0;0"
LT00856;0;0;0;0;0;0;0;0;0;0;0;0;0;0;"LT00856;0;0;0;0;0;0;0;0;0;0;0;0;0;0"
LT00930;0;0;0;0;0;0;0;0;0;0;0;0;0;0;"LT00930;0;0;0;0;0;0;0;0;0;0;0;0;0;0"
LT01039;0;0;0;4;0;0;0;0;0;0;0;0;0;0;"LT01039;0;0;0;4;0;0;0;0;0;0;0;0;0;0"
LT01040;0;0;0;12;0;0;0;0;0;0;0;0;0;0;"LT01040;0;0;0;12;0;0;0;0;0;0;0;0;0;0"
LT01100;0;0;0;0;0;0;0;0;0;0;0;0;0;0;"LT01100;0;0;0;0;0;0;0;0;0;0;0;0;0;0"
LT01106;0;0;0;0;0;0;0;0;0;0;0;0;0;0;"LT01106;0;0;0;0;0;0;0;0;0;0;0;0;0;0"
LT01868;0;0;0;10;0;0;0;0;0;0;0;0;0;0;"LT01868;0;0;0;10;0;0;0;0;0;0;0;0;0;0"
LT01870;0;0;0;2;0;0;0;0;0;0;0;0;0;0;"LT01870;0;0;0;2;0;0;0;0;0;0;0;0;0;0"
LT01960;0;0;0;0;0;0;0;0;0;0;0;0;0;0;"LT01960;0;0;0;0;0;0;0;0;0;0;0;0;0;0"
LT02028;0;0;0;2;0;0;0;0;0;0;0;0;0;0;"LT02028;0;0;0;2;0;0;0;0;0;0;0;0;0;0"
LT02274;0;0;0;0;0;0;0;0;0;0;0;0;0;0;"LT02274;0;0;0;0;0;0;0;0;0;0;0;0;0;0"
LT02278;0;0;0;2;0;0;0;0;0;0;0;0;0;0;"LT02278;0;0;0;2;0;0;0;0;0;0;0;0;0;0"
LT02555;0;0;0;10;0;0;0;0;0;0;0;0;0;0;"LT02555;0;0;0;10;0;0;0;0;0;0;0;0;0;0"
LT02578;0;0;0;0;0;0;0;0;0;0;0;0;0;0;"LT02578;0;0;0;0;0;0;0;0;0;0;0;0;0;0"
LT02616;0;0;0;8;0;0;0;0;0;0;0;0;0;0;"LT02616;0;0;0;8;0;0;0;0;0;0;0;0;0;0"
LT02626;0;0;0;0;0;0;0;0;0;0;0;0;0;0;"LT02626;0;0;0;0;0;0;0;0;0;0;0;0;0;0"
LT02643;0;0;0;0;0;0;0;0;0;0;0;0;0;0;"LT02643;0;0;0;0;0;0;0;0;0;0;0;0;0;0"
LT02670;0;0;0;0;0;0;0;0;0;0;0;0;0;0;"LT02670;0;0;0;0;0;0;0;0;0;0;0;0;0;0"
LT02707;0;0;0;12;0;0;0;0;0;0;0;0;0;0;"LT02707;0;0;0;12;0;0;0;0;0;0;0;0;0;0"
LT02709;0;0;0;6;0;0;0;0;0;0;0;0;0;0;"LT02709;0;0;0;6;0;0;0;0;0;0;0;0;0;0"
LT02711;0;0;0;0;0;0;0;0;0;0;0;0;0;0;"LT02711;0;0;0;0;0;0;0;0;0;0;0;0;0;0"
LT02712;0;0;0;2;0;0;0;0;0;0;0;0;0;0;"LT02712;0;0;0;2;0;0;0;0;0;0;0;0;0;0"
LT02713;0;0;0;12;0;0;0;0;0;0;0;0;0;0;"LT02713;0;0;0;12;0;0;0;0;0;0;0;0;0;0"
LT02941;0;0;0;0;0;0;0;0;0;0;0;0;0;0;"LT02941;0;0;0;0;0;0;0;0;0;0;0;0;0;0"
LT02968;0;0;0;2;0;0;0;0;0;0;0;0;0;0;"LT02968;0;0;0;2;0;0;0;0;0;0;0;0;0;0"
LT03135;0;0;0;6;0;0;0;0;0;0;0;0;0;0;"LT03135;0;0;0;6;0;0;0;0;0;0;0;0;0;0"
LT03184;0;0;0;6;0;0;0;0;0;0;0;0;0;0;"LT03184;0;0;0;6;0;0;0;0;0;0;0;0;0;0"
LT03233;0;0;0;2;0;0;0;0;0;0;0;0;0;0;"LT03233;0;0;0;2;0;0;0;0;0;0;0;0;0;0"
LT03242;0;0;0;0;0;0;0;0;0;0;0;0;0;0;"LT03242;0;0;0;0;0;0;0;0;0;0;0;0;0;0"
LT03282;0;0;0;0;0;0;0;0;0;0;0;0;0;0;"LT03282;0;0;0;0;0;0;0;0;0;0;0;0;0;0"
LT03381;0;0;0;0;0;0;0;0;0;0;0;0;0;0;"LT03381;0;0;0;0;0;0;0;0;0;0;0;0;0;0"
LT03429;0;0;0;0;0;0;0;0;0;0;0;0;0;0;"LT03429;0;0;0;0;0;0;0;0;0;0;0;0;0;0"
LT03431;0;0;0;4;0;0;0;0;0;0;0;0;0;0;"LT03431;0;0;0;4;0;0;0;0;0;0;0;0;0;0"
LT03432;0;0;0;0;0;0;0;0;0;0;0;0;0;0;"LT03432;0;0;0;0;0;0;0;0;0;0;0;0;0;0"
LT03440;0;0;0;4;0;0;0;0;0;0;0;0;0;0;"LT03440;0;0;0;4;0;0;0;0;0;0;0;0;0;0"
LT03490;0;0;0;10;0;0;0;0;0;0;0;0;0;0;"LT03490;0;0;0;10;0;0;0;0;0;0;0;0;0;0"
LT03492;0;0;0;12;0;0;0;0;0;0;0;0;0;0;"LT03492;0;0;0;12;0;0;0;0;0;0;0;0;0;0"
LT03603;0;0;0;4;0;0;0;0;0;0;0;0;0;0;"LT03603;0;0;0;4;0;0;0;0;0;0;0;0;0;0"
LT03669;0;0;0;8;0;0;0;0;0;0;0;0;0;0;"LT03669;0;0;0;8;0;0;0;0;0;0;0;0;0;0"
LT03693;0;0;0;6;0;0;0;0;0;0;0;0;0;0;"LT03693;0;0;0;6;0;0;0;0;0;0;0;0;0;0"
LT03795;0;0;0;0;0;0;0;0;0;0;0;0;0;0;"LT03795;0;0;0;0;0;0;0;0;0;0;0;0;0;0"
LT00062;0;0;0;6;0;0;0;0;0;0;0;0;0;0;"LT00062;0;0;0;6;0;0;0;0;0;0;0;0;0;0"
LT00181;0;0;0;0;0;0;0;0;0;0;0;0;0;0;"LT00181;0;0;0;0;0;0;0;0;0;0;0;0;0;0"
LT00221;0;0;0;4;0;0;0;0;0;0;0;0;0;0;"LT00221;0;0;0;4;0;0;0;0;0;0;0;0;0;0"
LT00288;0;0;0;2;0;0;0;0;0;0;0;0;0;0;"LT00288;0;0;0;2;0;0;0;0;0;0;0;0;0;0"
LT00454;0;0;0;0;0;0;0;0;0;0;0;0;0;0;"LT00454;0;0;0;0;0;0;0;0;0;0;0;0;0;0"
LT00561;0;0;0;4;0;0;0;0;0;0;0;0;0;0;"LT00561;0;0;0;4;0;0;0;0;0;0;0;0;0;0"
LT00635;0;0;0;2;0;0;0;0;0;0;0;0;0;0;"LT00635;0;0;0;2;0;0;0;0;0;0;0;0;0;0"
LT00790;0;0;0;0;0;0;0;0;0;0;0;0;0;0;"LT00790;0;0;0;0;0;0;0;0;0;0;0;0;0;0"
LT00869;0;0;0;12;0;0;0;0;0;0;0;0;0;0;"LT00869;0;0;0;12;0;0;0;0;0;0;0;0;0;0"
LT00900;0;0;0;0;0;0;0;0;0;0;0;0;0;0;"LT00900;0;0;0;0;0;0;0;0;0;0;0;0;0;0"
LT00927;0;0;0;12;0;0;0;0;0;0;0;0;0;0;"LT00927;0;0;0;12;0;0;0;0;0;0;0;0;0;0"
LT01069;0;0;0;0;0;0;0;0;0;0;0;0;0;0;"LT01069;0;0;0;0;0;0;0;0;0;0;0;0;0;0"
LT01117;0;0;0;12;0;0;0;0;0;0;0;0;0;0;"LT01117;0;0;0;12;0;0;0;0;0;0;0;0;0;0"
LT01124;0;0;0;0;0;0;0;0;0;0;0;0;0;0;"LT01124;0;0;0;0;0;0;0;0;0;0;0;0;0;0"
LT01170;0;0;0;0;0;0;0;0;0;0;0;0;0;0;"LT01170;0;0;0;0;0;0;0;0;0;0;0;0;0;0"
LT01298;0;0;0;2;0;0;0;0;0;0;0;0;0;0;"LT01298;0;0;0;2;0;0;0;0;0;0;0;0;0;0"
LT01811;0;0;0;0;0;0;0;0;0;0;0;0;0;0;"LT01811;0;0;0;0;0;0;0;0;0;0;0;0;0;0"
LT01978;0;0;0;2;0;0;0;0;0;0;0;0;0;0;"LT01978;0;0;0;2;0;0;0;0;0;0;0;0;0;0"
LT02041;0;0;0;2;0;0;0;0;0;0;0;0;0;0;"LT02041;0;0;0;2;0;0;0;0;0;0;0;0;0;0"
LT02275;0;0;0;6;0;0;0;0;0;0;0;0;0;0;"LT02275;0;0;0;6;0;0;0;0;0;0;0;0;0;0"
LT02537;0;0;0;0;0;0;0;0;0;0;0;0;0;0;"LT02537;0;0;0;0;0;0;0;0;0;0;0;0;0;0"
LT02633;0;0;0;4;0;0;0;0;0;0;0;0;0;0;"LT02633;0;0;0;4;0;0;0;0;0;0;0;0;0;0"
LT02640;0;0;0;2;0;0;0;0;0;0;0;0;0;0;"LT02640;0;0;0;2;0;0;0;0;0;0;0;0;0;0"
LT02708;0;0;0;0;0;0;0;0;0;0;0;0;0;0;"LT02708;0;0;0;0;0;0;0;0;0;0;0;0;0;0"
LT02781;0;0;0;0;0;0;0;0;0;0;0;0;0;0;"LT02781;0;0;0;0;0;0;0;0;0;0;0;0;0;0"
LT02852;0;0;0;0;0;0;0;0;0;0;0;0;0;0;"LT02852;0;0;0;0;0;0;0;0;0;0;0;0;0;0"
LT02934;0;0;0;8;0;0;0;0;0;0;0;0;0;0;"LT02934;0;0;0;8;0;0;0;0;0;0;0;0;0;0"
LT03020;0;0;0;0;0;0;0;0;0;0;0;0;0;0;"LT03020;0;0;0;0;0;0;0;0;0;0;0;0;0;0"
LT03028;0;0;0;12;0;0;0;0;0;0;0;0;0;0;"LT03028;0;0;0;12;0;0;0;0;0;0;0;0;0;0"
LT03090;0;0;0;0;0;0;0;0;0;0;0;0;0;0;"LT03090;0;0;0;0;0;0;0;0;0;0;0;0;0;0"
LT03150;0;0;0;0;0;0;0;0;0;0;0;0;0;0;"LT03150;0;0;0;0;0;0;0;0;0;0;0;0;0;0"
LT03159;0;0;0;0;0;0;0;0;0;0;0;0;0;0;"LT03159;0;0;0;0;0;0;0;0;0;0;0;0;0;0"
LT03197;0;0;0;8;0;0;0;0;0;0;0;0;0;0;"LT03197;0;0;0;8;0;0;0;0;0;0;0;0;0;0"
LT03230;0;0;0;0;0;0;0;0;0;0;0;0;0;0;"LT03230;0;0;0;0;0;0;0;0;0;0;0;0;0;0"
LT03314;0;0;0;12;0;0;0;0;0;0;0;0;0;0;"LT03314;0;0;0;12;0;0;0;0;0;0;0;0;0;0"
LT03382;0;0;0;6;0;0;0;0;0;0;0;0;0;0;"LT03382;0;0;0;6;0;0;0;0;0;0;0;0;0;0"
LT03404;0;0;0;10;0;0;0;0;0;0;0;0;0;0;"LT03404;0;0;0;10;0;0;0;0;0;0;0;0;0;0"
LT03742;0;0;0;4;0;0;0;0;0;0;0;0;0;0;"LT03742;0;0;0;4;0;0;0;0;0;0;0;0;0;0"
LT03755;0;0;0;4;0;0;0;0;0;0;0;0;0;0;"LT03755;0;0;0;4;0;0;0;0;0;0;0;0;0;0"
LT00058;0;0;0;6;0;0;0;0;0;0;0;0;0;0;"LT00058;0;0;0;6;0;0;0;0;0;0;0;0;0;0"
LT00066;0;0;0;0;0;0;0;0;0;0;0;0;0;0;"LT00066;0;0;0;0;0;0;0;0;0;0;0;0;0;0"
LT00204;0;0;0;4;0;0;0;0;0;0;0;0;0;0;"LT00204;0;0;0;4;0;0;0;0;0;0;0;0;0;0"
LT00287;0;0;0;0;0;0;0;0;0;0;0;0;0;0;"LT00287;0;0;0;0;0;0;0;0;0;0;0;0;0;0"
LT00687;0;0;0;6;0;0;0;0;0;0;0;0;0;0;"LT00687;0;0;0;6;0;0;0;0;0;0;0;0;0;0"
LT00704;0;0;0;0;0;0;0;0;0;0;0;0;0;0;"LT00704;0;0;0;0;0;0;0;0;0;0;0;0;0;0"
LT00722;0;0;0;0;0;0;0;0;0;0;0;0;0;0;"LT00722;0;0;0;0;0;0;0;0;0;0;0;0;0;0"
LT01189;0;0;0;0;0;0;0;0;0;0;0;0;0;0;"LT01189;0;0;0;0;0;0;0;0;0;0;0;0;0;0"
LT02385;0;0;0;0;0;0;0;0;0;0;0;0;0;0;"LT02385;0;0;0;0;0;0;0;0;0;0;0;0;0;0"
LT02544;0;0;0;0;0;0;0;0;0;0;0;0;0;0;"LT02544;0;0;0;0;0;0;0;0;0;0;0;0;0;0"
LT02756;0;0;0;2;0;0;0;0;0;0;0;0;0;0;"LT02756;0;0;0;2;0;0;0;0;0;0;0;0;0;0"
LT02851;0;0;0;2;0;0;0;0;0;0;0;0;0;0;"LT02851;0;0;0;2;0;0;0;0;0;0;0;0;0;0"
LT02917;0;0;0;0;0;0;0;0;0;0;0;0;0;0;"LT02917;0;0;0;0;0;0;0;0;0;0;0;0;0;0"
LT02962;0;0;0;2;0;0;0;0;0;0;0;0;0;0;"LT02962;0;0;0;2;0;0;0;0;0;0;0;0;0;0"
LT03247;0;0;0;6;0;0;0;0;0;0;0;0;0;0;"LT03247;0;0;0;6;0;0;0;0;0;0;0;0;0;0"
LT03415;0;0;0;0;0;0;0;0;0;0;0;0;0;0;"LT03415;0;0;0;0;0;0;0;0;0;0;0;0;0;0"
LT03560;0;0;0;10;0;0;0;0;0;0;0;0;0;0;"LT03560;0;0;0;10;0;0;0;0;0;0;0;0;0;0"
LT02931;0;0;0;2;0;0;0;0;0;0;0;0;0;0;"LT02931;0;0;0;2;0;0;0;0;0;0;0;0;0;0"
LT02953;0;0;0;4;0;0;0;0;0;0;0;0;0;0;"LT02953;0;0;0;4;0;0;0;0;0;0;0;0;0;0"
LT00174;0;0;0;6;0;0;0;0;0;0;0;0;0;0;"LT00174;0;0;0;6;0;0;0;0;0;0;0;0;0;0"
LT00189;0;0;0;10;0;0;0;0;0;0;0;0;0;0;"LT00189;0;0;0;10;0;0;0;0;0;0;0;0;0;0"
LT00209;0;0;0;8;0;0;0;0;0;0;0;0;0;0;"LT00209;0;0;0;8;0;0;0;0;0;0;0;0;0;0"
LT00329;0;0;0;0;0;0;0;0;0;0;0;0;0;0;"LT00329;0;0;0;0;0;0;0;0;0;0;0;0;0;0"
LT00403;0;0;0;0;0;0;0;0;0;0;0;0;0;0;"LT00403;0;0;0;0;0;0;0;0;0;0;0;0;0;0"
LT00559;0;0;0;0;0;0;0;0;0;0;0;0;0;0;"LT00559;0;0;0;0;0;0;0;0;0;0;0;0;0;0"
LT00607;0;0;0;2;0;0;0;0;0;0;0;0;0;0;"LT00607;0;0;0;2;0;0;0;0;0;0;0;0;0;0"
LT00639;0;0;0;0;0;0;0;0;0;0;0;0;0;0;"LT00639;0;0;0;0;0;0;0;0;0;0;0;0;0;0"
LT00872;0;0;0;4;0;0;0;0;0;0;0;0;0;0;"LT00872;0;0;0;4;0;0;0;0;0;0;0;0;0;0"
LT00959;0;0;0;0;0;0;0;0;0;0;0;0;0;0;"LT00959;0;0;0;0;0;0;0;0;0;0;0;0;0;0"
LT01122;0;0;0;0;0;0;0;0;0;0;0;0;0;0;"LT01122;0;0;0;0;0;0;0;0;0;0;0;0;0;0"
LT01465;0;0;0;4;0;0;0;0;0;0;0;0;0;0;"LT01465;0;0;0;4;0;0;0;0;0;0;0;0;0;0"
LT01609;0;0;0;2;0;0;0;0;0;0;0;0;0;0;"LT01609;0;0;0;2;0;0;0;0;0;0;0;0;0;0"
LT02599;0;0;0;0;0;0;0;0;0;0;0;0;0;0;"LT02599;0;0;0;0;0;0;0;0;0;0;0;0;0;0"
LT02610;0;0;0;4;0;0;0;0;0;0;0;0;0;0;"LT02610;0;0;0;4;0;0;0;0;0;0;0;0;0;0"
LT02620;0;0;0;0;0;0;0;0;0;0;0;0;0;0;"LT02620;0;0;0;0;0;0;0;0;0;0;0;0;0;0"
LT02648;0;0;0;2;0;0;0;0;0;0;0;0;0;0;"LT02648;0;0;0;2;0;0;0;0;0;0;0;0;0;0"
LT02674;0;0;0;0;0;0;0;0;0;0;0;0;0;0;"LT02674;0;0;0;0;0;0;0;0;0;0;0;0;0;0"
LT02980;0;0;0;6;0;0;0;0;0;0;0;0;0;0;"LT02980;0;0;0;6;0;0;0;0;0;0;0;0;0;0"
LT03039;0;0;0;4;0;0;0;0;0;0;0;0;0;0;"LT03039;0;0;0;4;0;0;0;0;0;0;0;0;0;0"
LT03050;0;0;0;10;0;0;0;0;0;0;0;0;0;0;"LT03050;0;0;0;10;0;0;0;0;0;0;0;0;0;0"
LT03053;0;0;0;2;0;0;0;0;0;0;0;0;0;0;"LT03053;0;0;0;2;0;0;0;0;0;0;0;0;0;0"
LT03066;0;0;0;6;0;0;0;0;0;0;0;0;0;0;"LT03066;0;0;0;6;0;0;0;0;0;0;0;0;0;0"
LT03109;0;0;0;0;0;0;0;0;0;0;0;0;0;0;"LT03109;0;0;0;0;0;0;0;0;0;0;0;0;0;0"
LT03112;0;0;0;0;0;0;0;0;0;0;0;0;0;0;"LT03112;0;0;0;0;0;0;0;0;0;0;0;0;0;0"
LT03464;0;0;0;8;0;0;0;0;0;0;0;0;0;0;"LT03464;0;0;0;8;0;0;0;0;0;0;0;0;0;0"
LT03513;0;0;0;10;0;0;0;0;0;0;0;0;0;0;"LT03513;0;0;0;10;0;0;0;0;0;0;0;0;0;0"
LT03608;0;0;0;4;0;0;0;0;0;0;0;0;0;0;"LT03608;0;0;0;4;0;0;0;0;0;0;0;0;0;0"
LT03641;0;0;0;8;0;0;0;0;0;0;0;0;0;0;"LT03641;0;0;0;8;0;0;0;0;0;0;0;0;0;0"
LT03682;0;0;0;6;0;0;0;0;0;0;0;0;0;0;"LT03682;0;0;0;6;0;0;0;0;0;0;0;0;0;0"
LT03684;0;0;0;8;0;0;0;0;0;0;0;0;0;0;"LT03684;0;0;0;8;0;0;0;0;0;0;0;0;0;0"
LT03697;0;0;0;6;0;0;0;0;0;0;0;0;0;0;"LT03697;0;0;0;6;0;0;0;0;0;0;0;0;0;0"
LT03700;0;0;0;6;0;0;0;0;0;0;0;0;0;0;"LT03700;0;0;0;6;0;0;0;0;0;0;0;0;0;0"
LT03717;0;0;0;6;0;0;0;0;0;0;0;0;0;0;"LT03717;0;0;0;6;0;0;0;0;0;0;0;0;0;0"
LT03720;0;0;0;6;0;0;0;0;0;0;0;0;0;0;"LT03720;0;0;0;6;0;0;0;0;0;0;0;0;0;0"
LT03730;0;0;0;6;0;0;0;0;0;0;0;0;0;0;"LT03730;0;0;0;6;0;0;0;0;0;0;0;0;0;0"
LT03740;0;0;0;4;0;0;0;0;0;0;0;0;0;0;"LT03740;0;0;0;4;0;0;0;0;0;0;0;0;0;0"
LT03773;0;0;0;0;0;0;0;0;0;0;0;0;0;0;"LT03773;0;0;0;0;0;0;0;0;0;0;0;0;0;0"
LT03796;0;0;0;0;0;0;0;0;0;0;0;0;0;0;"LT03796;0;0;0;0;0;0;0;0;0;0;0;0;0;0"
LT03838;0;0;0;0;0;0;0;0;0;0;0;0;0;0;"LT03838;0;0;0;0;0;0;0;0;0;0;0;0;0;0"
LT03739;0;0;0;4;0;0;0;0;0;0;0;0;0;0;"LT03739;0;0;0;4;0;0;0;0;0;0;0;0;0;0"
LT03748;0;0;0;4;0;0;0;0;0;0;0;0;0;0;"LT03748;0;0;0;4;0;0;0;0;0;0;0;0;0;0"
LT03749;0;0;0;4;0;0;0;0;0;0;0;0;0;0;"LT03749;0;0;0;4;0;0;0;0;0;0;0;0;0;0"
LT03772;0;0;0;0;0;0;0;0;0;0;0;0;0;0;"LT03772;0;0;0;0;0;0;0;0;0;0;0;0;0;0"
LT03841;0;0;0;0;0;0;0;0;0;0;0;0;0;0;"LT03841;0;0;0;0;0;0;0;0;0;0;0;0;0;0"
LT00009;0;0;0;12;0;0;0;0;0;0;0;0;0;0;"LT00009;0;0;0;12;0;0;0;0;0;0;0;0;0;0"
LT00035;0;0;0;0;0;0;0;0;0;0;0;0;0;0;"LT00035;0;0;0;0;0;0;0;0;0;0;0;0;0;0"
LT00302;0;0;0;12;0;0;0;0;0;0;0;0;0;0;"LT00302;0;0;0;12;0;0;0;0;0;0;0;0;0;0"
LT00312;0;0;0;0;0;0;0;0;0;0;0;0;0;0;"LT00312;0;0;0;0;0;0;0;0;0;0;0;0;0;0"
LT00397;0;0;0;8;0;0;0;0;0;0;0;0;0;0;"LT00397;0;0;0;8;0;0;0;0;0;0;0;0;0;0"
LT00445;0;0;0;2;0;0;0;0;0;0;0;0;0;0;"LT00445;0;0;0;2;0;0;0;0;0;0;0;0;0;0"
LT00469;0;0;0;4;0;0;0;0;0;0;0;0;0;0;"LT00469;0;0;0;4;0;0;0;0;0;0;0;0;0;0"
LT00579;0;0;0;0;0;0;0;0;0;0;0;0;0;0;"LT00579;0;0;0;0;0;0;0;0;0;0;0;0;0;0"
LT00581;0;0;0;0;0;0;0;0;0;0;0;0;0;0;"LT00581;0;0;0;0;0;0;0;0;0;0;0;0;0;0"
LT00624;0;0;0;0;0;0;0;0;0;0;0;0;0;0;"LT00624;0;0;0;0;0;0;0;0;0;0;0;0;0;0"
LT00654;0;0;0;12;0;0;0;0;0;0;0;0;0;0;"LT00654;0;0;0;12;0;0;0;0;0;0;0;0;0;0"
LT00665;0;0;0;0;0;0;0;0;0;0;0;0;0;0;"LT00665;0;0;0;0;0;0;0;0;0;0;0;0;0;0"
LT00670;0;0;0;8;0;0;0;0;0;0;0;0;0;0;"LT00670;0;0;0;8;0;0;0;0;0;0;0;0;0;0"
LT00705;0;0;0;0;0;0;0;0;0;0;0;0;0;0;"LT00705;0;0;0;0;0;0;0;0;0;0;0;0;0;0"
LT00768;0;0;0;4;0;0;0;0;0;0;0;0;0;0;"LT00768;0;0;0;4;0;0;0;0;0;0;0;0;0;0"
LT00920;0;0;0;4;0;0;0;0;0;0;0;0;0;0;"LT00920;0;0;0;4;0;0;0;0;0;0;0;0;0;0"
LT00972;0;0;0;0;0;0;0;0;0;0;0;0;0;0;"LT00972;0;0;0;0;0;0;0;0;0;0;0;0;0;0"
LT01140;0;0;0;0;0;0;0;0;0;0;0;0;0;0;"LT01140;0;0;0;0;0;0;0;0;0;0;0;0;0;0"
LT01165;0;0;0;6;0;0;0;0;0;0;0;0;0;0;"LT01165;0;0;0;6;0;0;0;0;0;0;0;0;0;0"
LT01393;0;0;0;2;0;0;0;0;0;0;0;0;0;0;"LT01393;0;0;0;2;0;0;0;0;0;0;0;0;0;0"
LT01843;0;0;0;4;0;0;0;0;0;0;0;0;0;0;"LT01843;0;0;0;4;0;0;0;0;0;0;0;0;0;0"
LT01900;0;0;0;8;0;0;0;0;0;0;0;0;0;0;"LT01900;0;0;0;8;0;0;0;0;0;0;0;0;0;0"
LT02003;0;0;0;8;0;0;0;0;0;0;0;0;0;0;"LT02003;0;0;0;8;0;0;0;0;0;0;0;0;0;0"
LT02533;0;0;0;0;0;0;0;0;0;0;0;0;0;0;"LT02533;0;0;0;0;0;0;0;0;0;0;0;0;0;0"
LT02548;0;0;0;8;0;0;0;0;0;0;0;0;0;0;"LT02548;0;0;0;8;0;0;0;0;0;0;0;0;0;0"
LT02556;0;0;0;0;0;0;0;0;0;0;0;0;0;0;"LT02556;0;0;0;0;0;0;0;0;0;0;0;0;0;0"
LT02563;0;0;0;6;0;0;0;0;0;0;0;0;0;0;"LT02563;0;0;0;6;0;0;0;0;0;0;0;0;0;0"
LT02564;0;0;0;0;0;0;0;0;0;0;0;0;0;0;"LT02564;0;0;0;0;0;0;0;0;0;0;0;0;0;0"
LT02569;0;0;0;0;0;0;0;0;0;0;0;0;0;0;"LT02569;0;0;0;0;0;0;0;0;0;0;0;0;0;0"
LT02574;0;0;0;4;0;0;0;0;0;0;0;0;0;0;"LT02574;0;0;0;4;0;0;0;0;0;0;0;0;0;0"
LT02584;0;0;0;12;0;0;0;0;0;0;0;0;0;0;"LT02584;0;0;0;12;0;0;0;0;0;0;0;0;0;0"
LT02604;0;0;0;8;0;0;0;0;0;0;0;0;0;0;"LT02604;0;0;0;8;0;0;0;0;0;0;0;0;0;0"
LT02614;0;0;0;0;0;0;0;0;0;0;0;0;0;0;"LT02614;0;0;0;0;0;0;0;0;0;0;0;0;0;0"
LT02625;0;0;0;0;0;0;0;0;0;0;0;0;0;0;"LT02625;0;0;0;0;0;0;0;0;0;0;0;0;0;0"
LT02644;0;0;0;4;0;0;0;0;0;0;0;0;0;0;"LT02644;0;0;0;4;0;0;0;0;0;0;0;0;0;0"
LT02662;0;0;0;10;0;0;0;0;0;0;0;0;0;0;"LT02662;0;0;0;10;0;0;0;0;0;0;0;0;0;0"
LT02679;0;0;0;2;0;0;0;0;0;0;0;0;0;0;"LT02679;0;0;0;2;0;0;0;0;0;0;0;0;0;0"
LT02695;0;0;0;2;0;0;0;0;0;0;0;0;0;0;"LT02695;0;0;0;2;0;0;0;0;0;0;0;0;0;0"
LT02696;0;0;0;6;0;0;0;0;0;0;0;0;0;0;"LT02696;0;0;0;6;0;0;0;0;0;0;0;0;0;0"
LT02779;0;0;0;0;0;0;0;0;0;0;0;0;0;0;"LT02779;0;0;0;0;0;0;0;0;0;0;0;0;0;0"
LT02838;0;0;0;0;0;0;0;0;0;0;0;0;0;0;"LT02838;0;0;0;0;0;0;0;0;0;0;0;0;0;0"
LT02839;0;0;0;0;0;0;0;0;0;0;0;0;0;0;"LT02839;0;0;0;0;0;0;0;0;0;0;0;0;0;0"
LT02878;0;0;0;12;0;0;0;0;0;0;0;0;0;0;"LT02878;0;0;0;12;0;0;0;0;0;0;0;0;0;0"
LT02978;0;0;0;0;0;0;0;0;0;0;0;0;0;0;"LT02978;0;0;0;0;0;0;0;0;0;0;0;0;0;0"
LT02988;0;0;0;0;0;0;0;0;0;0;0;0;0;0;"LT02988;0;0;0;0;0;0;0;0;0;0;0;0;0;0"
LT03055;0;0;0;2;0;0;0;0;0;0;0;0;0;0;"LT03055;0;0;0;2;0;0;0;0;0;0;0;0;0;0"
LT03057;0;0;0;0;0;0;0;0;0;0;0;0;0;0;"LT03057;0;0;0;0;0;0;0;0;0;0;0;0;0;0"
LT03137;0;0;0;0;0;0;0;0;0;0;0;0;0;0;"LT03137;0;0;0;0;0;0;0;0;0;0;0;0;0;0"
LT03205;0;0;0;6;0;0;0;0;0;0;0;0;0;0;"LT03205;0;0;0;6;0;0;0;0;0;0;0;0;0;0"
LT03211;0;0;0;0;0;0;0;0;0;0;0;0;0;0;"LT03211;0;0;0;0;0;0;0;0;0;0;0;0;0;0"
LT03229;0;0;0;4;0;0;0;0;0;0;0;0;0;0;"LT03229;0;0;0;4;0;0;0;0;0;0;0;0;0;0"
LT03270;0;0;0;0;0;0;0;0;0;0;0;0;0;0;"LT03270;0;0;0;0;0;0;0;0;0;0;0;0;0;0"
LT03310;0;0;0;0;0;0;0;0;0;0;0;0;0;0;"LT03310;0;0;0;0;0;0;0;0;0;0;0;0;0;0"
LT03378;0;0;0;10;0;0;0;0;0;0;0;0;0;0;"LT03378;0;0;0;10;0;0;0;0;0;0;0;0;0;0"
LT03384;0;0;0;12;0;0;0;0;0;0;0;0;0;0;"LT03384;0;0;0;12;0;0;0;0;0;0;0;0;0;0"
LT03385;0;0;0;10;0;0;0;0;0;0;0;0;0;0;"LT03385;0;0;0;10;0;0;0;0;0;0;0;0;0;0"
LT03450;0;0;0;8;0;0;0;0;0;0;0;0;0;0;"LT03450;0;0;0;8;0;0;0;0;0;0;0;0;0;0"
LT03459;0;0;0;12;0;0;0;0;0;0;0;0;0;0;"LT03459;0;0;0;12;0;0;0;0;0;0;0;0;0;0"
LT03480;0;0;0;12;0;0;0;0;0;0;0;0;0;0;"LT03480;0;0;0;12;0;0;0;0;0;0;0;0;0;0"
LT03507;0;0;0;12;0;0;0;0;0;0;0;0;0;0;"LT03507;0;0;0;12;0;0;0;0;0;0;0;0;0;0"
LT03590;0;0;0;8;0;0;0;0;0;0;0;0;0;0;"LT03590;0;0;0;8;0;0;0;0;0;0;0;0;0;0"
LT03606;0;0;0;10;0;0;0;0;0;0;0;0;0;0;"LT03606;0;0;0;10;0;0;0;0;0;0;0;0;0;0"
LT03709;0;0;0;6;0;0;0;0;0;0;0;0;0;0;"LT03709;0;0;0;6;0;0;0;0;0;0;0;0;0;0"
LT03729;0;0;0;4;0;0;0;0;0;0;0;0;0;0;"LT03729;0;0;0;4;0;0;0;0;0;0;0;0;0;0"
LT03735;0;0;0;4;0;0;0;0;0;0;0;0;0;0;"LT03735;0;0;0;4;0;0;0;0;0;0;0;0;0;0"
LT03777;0;0;0;0;0;0;0;0;0;0;0;0;0;0;"LT03777;0;0;0;0;0;0;0;0;0;0;0;0;0;0"
LT03794;0;0;0;0;0;0;0;0;0;0;0;0;0;0;"LT03794;0;0;0;0;0;0;0;0;0;0;0;0;0;0"
LT03833;0;0;0;0;0;0;0;0;0;0;0;0;0;0;"LT03833;0;0;0;0;0;0;0;0;0;0;0;0;0;0"
LT03834;0;0;0;0;0;0;0;0;0;0;0;0;0;0;"LT03834;0;0;0;0;0;0;0;0;0;0;0;0;0;0"
LT00383;0;0;0;2;0;0;0;0;0;0;0;0;0;0;"LT00383;0;0;0;2;0;0;0;0;0;0;0;0;0;0"
LT00533;0;0;0;8;0;0;0;0;0;0;0;0;0;0;"LT00533;0;0;0;8;0;0;0;0;0;0;0;0;0;0"
LT00651;0;0;0;0;0;0;0;0;0;0;0;0;0;0;"LT00651;0;0;0;0;0;0;0;0;0;0;0;0;0;0"
LT01184;0;0;0;4;0;0;0;0;0;0;0;0;0;0;"LT01184;0;0;0;4;0;0;0;0;0;0;0;0;0;0"
LT02503;0;0;0;8;0;0;0;0;0;0;0;0;0;0;"LT02503;0;0;0;8;0;0;0;0;0;0;0;0;0;0"
LT02534;0;0;0;0;0;0;0;0;0;0;0;0;0;0;"LT02534;0;0;0;0;0;0;0;0;0;0;0;0;0;0"
LT03763;0;0;0;4;0;0;0;0;0;0;0;0;0;0;"LT03763;0;0;0;4;0;0;0;0;0;0;0;0;0;0"
LT03792;0;0;0;0;0;0;0;0;0;0;0;0;0;0;"LT03792;0;0;0;0;0;0;0;0;0;0;0;0;0;0"
LT03800;0;0;0;0;0;0;0;0;0;0;0;0;0;0;"LT03800;0;0;0;0;0;0;0;0;0;0;0;0;0;0"
LT00027;0;0;0;0;0;0;0;0;0;0;0;0;0;0;"LT00027;0;0;0;0;0;0;0;0;0;0;0;0;0;0"
LT00029;0;0;0;6;0;0;0;0;0;0;0;0;0;0;"LT00029;0;0;0;6;0;0;0;0;0;0;0;0;0;0"
LT00046;0;0;0;0;0;0;0;0;0;0;0;0;0;0;"LT00046;0;0;0;0;0;0;0;0;0;0;0;0;0;0"
LT00052;0;0;0;0;0;0;0;0;0;0;0;0;0;0;"LT00052;0;0;0;0;0;0;0;0;0;0;0;0;0;0"
LT00146;0;0;0;12;0;0;0;0;0;0;0;0;0;0;"LT00146;0;0;0;12;0;0;0;0;0;0;0;0;0;0"
LT00150;0;0;0;0;0;0;0;0;0;0;0;0;0;0;"LT00150;0;0;0;0;0;0;0;0;0;0;0;0;0;0"
LT00156;0;0;0;2;0;0;0;0;0;0;0;0;0;0;"LT00156;0;0;0;2;0;0;0;0;0;0;0;0;0;0"
LT00182;0;0;0;0;0;0;0;0;0;0;0;0;0;0;"LT00182;0;0;0;0;0;0;0;0;0;0;0;0;0;0"
LT00186;0;0;0;4;0;0;0;0;0;0;0;0;0;0;"LT00186;0;0;0;4;0;0;0;0;0;0;0;0;0;0"
LT00188;0;0;0;2;0;0;0;0;0;0;0;0;0;0;"LT00188;0;0;0;2;0;0;0;0;0;0;0;0;0;0"
LT00193;0;0;0;8;0;0;0;0;0;0;0;0;0;0;"LT00193;0;0;0;8;0;0;0;0;0;0;0;0;0;0"
LT00201;0;0;0;12;0;0;0;0;0;0;0;0;0;0;"LT00201;0;0;0;12;0;0;0;0;0;0;0;0;0;0"
LT00217;0;0;0;0;0;0;0;0;0;0;0;0;0;0;"LT00217;0;0;0;0;0;0;0;0;0;0;0;0;0;0"
LT00235;0;0;0;6;0;0;0;0;0;0;0;0;0;0;"LT00235;0;0;0;6;0;0;0;0;0;0;0;0;0;0"
LT00264;0;0;0;8;0;0;0;0;0;0;0;0;0;0;"LT00264;0;0;0;8;0;0;0;0;0;0;0;0;0;0"
LT00270;0;0;0;2;0;0;0;0;0;0;0;0;0;0;"LT00270;0;0;0;2;0;0;0;0;0;0;0;0;0;0"
LT00271;0;0;0;0;0;0;0;0;0;0;0;0;0;0;"LT00271;0;0;0;0;0;0;0;0;0;0;0;0;0;0"
LT00291;0;0;0;0;0;0;0;0;0;0;0;0;0;0;"LT00291;0;0;0;0;0;0;0;0;0;0;0;0;0;0"
LT00294;0;0;0;0;0;0;0;0;0;0;0;0;0;0;"LT00294;0;0;0;0;0;0;0;0;0;0;0;0;0;0"
LT00297;0;0;0;2;0;0;0;0;0;0;0;0;0;0;"LT00297;0;0;0;2;0;0;0;0;0;0;0;0;0;0"
LT00305;0;0;0;2;0;0;0;0;0;0;0;0;0;0;"LT00305;0;0;0;2;0;0;0;0;0;0;0;0;0;0"
LT00320;0;0;0;0;0;0;0;0;0;0;0;0;0;0;"LT00320;0;0;0;0;0;0;0;0;0;0;0;0;0;0"
LT00330;0;0;0;0;0;0;0;0;0;0;0;0;0;0;"LT00330;0;0;0;0;0;0;0;0;0;0;0;0;0;0"
LT00333;0;0;0;6;0;0;0;0;0;0;0;0;0;0;"LT00333;0;0;0;6;0;0;0;0;0;0;0;0;0;0"
LT00391;0;0;0;0;0;0;0;0;0;0;0;0;0;0;"LT00391;0;0;0;0;0;0;0;0;0;0;0;0;0;0"
LT00425;0;0;0;4;0;0;0;0;0;0;0;0;0;0;"LT00425;0;0;0;4;0;0;0;0;0;0;0;0;0;0"
LT00427;0;0;0;0;0;0;0;0;0;0;0;0;0;0;"LT00427;0;0;0;0;0;0;0;0;0;0;0;0;0;0"
LT00444;0;0;0;0;0;0;0;0;0;0;0;0;0;0;"LT00444;0;0;0;0;0;0;0;0;0;0;0;0;0;0"
LT00472;0;0;0;0;0;0;0;0;0;0;0;0;0;0;"LT00472;0;0;0;0;0;0;0;0;0;0;0;0;0;0"
LT00479;0;0;0;0;0;0;0;0;0;0;0;0;0;0;"LT00479;0;0;0;0;0;0;0;0;0;0;0;0;0;0"
LT00503;0;0;0;0;0;0;0;0;0;0;0;0;0;0;"LT00503;0;0;0;0;0;0;0;0;0;0;0;0;0;0"
LT00536;0;0;0;6;0;0;0;0;0;0;0;0;0;0;"LT00536;0;0;0;6;0;0;0;0;0;0;0;0;0;0"
LT00599;0;0;0;12;0;0;0;0;0;0;0;0;0;0;"LT00599;0;0;0;12;0;0;0;0;0;0;0;0;0;0"
LT00695;0;0;0;0;0;0;0;0;0;0;0;0;0;0;"LT00695;0;0;0;0;0;0;0;0;0;0;0;0;0;0"
LT00826;0;0;0;0;0;0;0;0;0;0;0;0;0;0;"LT00826;0;0;0;0;0;0;0;0;0;0;0;0;0;0"
LT00932;0;0;0;0;0;0;0;0;0;0;0;0;0;0;"LT00932;0;0;0;0;0;0;0;0;0;0;0;0;0;0"
LT00952;0;0;0;4;0;0;0;0;0;0;0;0;0;0;"LT00952;0;0;0;4;0;0;0;0;0;0;0;0;0;0"
LT00986;0;0;0;6;0;0;0;0;0;0;0;0;0;0;"LT00986;0;0;0;6;0;0;0;0;0;0;0;0;0;0"
LT01116;0;0;0;10;0;0;0;0;0;0;0;0;0;0;"LT01116;0;0;0;10;0;0;0;0;0;0;0;0;0;0"
LT01133;0;0;0;0;0;0;0;0;0;0;0;0;0;0;"LT01133;0;0;0;0;0;0;0;0;0;0;0;0;0;0"
LT01141;0;0;0;0;0;0;0;0;0;0;0;0;0;0;"LT01141;0;0;0;0;0;0;0;0;0;0;0;0;0;0"
LT01309;0;0;0;4;0;0;0;0;0;0;0;0;0;0;"LT01309;0;0;0;4;0;0;0;0;0;0;0;0;0;0"
LT01312;0;0;0;0;0;0;0;0;0;0;0;0;0;0;"LT01312;0;0;0;0;0;0;0;0;0;0;0;0;0;0"
LT01442;0;0;0;8;0;0;0;0;0;0;0;0;0;0;"LT01442;0;0;0;8;0;0;0;0;0;0;0;0;0;0"
LT01470;0;0;0;0;0;0;0;0;0;0;0;0;0;0;"LT01470;0;0;0;0;0;0;0;0;0;0;0;0;0;0"
LT01503;0;0;0;0;0;0;0;0;0;0;0;0;0;0;"LT01503;0;0;0;0;0;0;0;0;0;0;0;0;0;0"
LT01611;0;0;0;0;0;0;0;0;0;0;0;0;0;0;"LT01611;0;0;0;0;0;0;0;0;0;0;0;0;0;0"
LT01614;0;0;0;0;0;0;0;0;0;0;0;0;0;0;"LT01614;0;0;0;0;0;0;0;0;0;0;0;0;0;0"
LT01796;0;0;0;0;0;0;0;0;0;0;0;0;0;0;"LT01796;0;0;0;0;0;0;0;0;0;0;0;0;0;0"
LT01801;0;0;0;0;0;0;0;0;0;0;0;0;0;0;"LT01801;0;0;0;0;0;0;0;0;0;0;0;0;0;0"
LT01815;0;0;0;2;0;0;0;0;0;0;0;0;0;0;"LT01815;0;0;0;2;0;0;0;0;0;0;0;0;0;0"
LT02868;0;0;0;0;0;0;0;0;0;0;0;0;0;0;"LT02868;0;0;0;0;0;0;0;0;0;0;0;0;0;0"
LT02936;0;0;0;2;0;0;0;0;0;0;0;0;0;0;"LT02936;0;0;0;2;0;0;0;0;0;0;0;0;0;0"
LT03086;0;0;0;4;0;0;0;0;0;0;0;0;0;0;"LT03086;0;0;0;4;0;0;0;0;0;0;0;0;0;0"
LT03212;0;0;0;0;0;0;0;0;0;0;0;0;0;0;"LT03212;0;0;0;0;0;0;0;0;0;0;0;0;0;0"
LT03461;0;0;0;12;0;0;0;0;0;0;0;0;0;0;"LT03461;0;0;0;12;0;0;0;0;0;0;0;0;0;0"
LT03475;0;0;0;0;0;0;0;0;0;0;0;0;0;0;"LT03475;0;0;0;0;0;0;0;0;0;0;0;0;0;0"
LT03558;0;0;0;10;0;0;0;0;0;0;0;0;0;0;"LT03558;0;0;0;10;0;0;0;0;0;0;0;0;0;0"
LT03591;0;0;0;10;0;0;0;0;0;0;0;0;0;0;"LT03591;0;0;0;10;0;0;0;0;0;0;0;0;0;0"
LT03725;0;0;0;6;0;0;0;0;0;0;0;0;0;0;"LT03725;0;0;0;6;0;0;0;0;0;0;0;0;0;0"
LT03760;0;0;0;4;0;0;0;0;0;0;0;0;0;0;"LT03760;0;0;0;4;0;0;0;0;0;0;0;0;0;0"
LT03764;0;0;0;4;0;0;0;0;0;0;0;0;0;0;"LT03764;0;0;0;4;0;0;0;0;0;0;0;0;0;0"
LT03837;0;0;0;0;0;0;0;0;0;0;0;0;0;0;"LT03837;0;0;0;0;0;0;0;0;0;0;0;0;0;0"
LT00163;0;0;0;2;0;0;0;0;0;0;0;0;0;0;"LT00163;0;0;0;2;0;0;0;0;0;0;0;0;0;0"
LT00208;0;0;0;4;0;0;0;0;0;0;0;0;0;0;"LT00208;0;0;0;4;0;0;0;0;0;0;0;0;0;0"
LT00324;0;0;0;0;0;0;0;0;0;0;0;0;0;0;"LT00324;0;0;0;0;0;0;0;0;0;0;0;0;0;0"
LT00455;0;0;0;0;0;0;0;0;0;0;0;0;0;0;"LT00455;0;0;0;0;0;0;0;0;0;0;0;0;0;0"
LT03123;0;0;0;2;0;0;0;0;0;0;0;0;0;0;"LT03123;0;0;0;2;0;0;0;0;0;0;0;0;0;0"
LT00266;0;0;0;0;0;0;0;0;0;0;0;0;0;0;"LT00266;0;0;0;0;0;0;0;0;0;0;0;0;0;0"
LT01041;0;0;0;0;0;0;0;0;0;0;0;0;0;0;"LT01041;0;0;0;0;0;0;0;0;0;0;0;0;0;0"
LT03207;0;0;0;12;0;0;0;0;0;0;0;0;0;0;"LT03207;0;0;0;12;0;0;0;0;0;0;0;0;0;0"
LT03434;0;0;0;12;0;0;0;0;0;0;0;0;0;0;"LT03434;0;0;0;12;0;0;0;0;0;0;0;0;0;0"
LT03825;0;0;0;0;0;0;0;0;0;0;0;0;0;0;"LT03825;0;0;0;0;0;0;0;0;0;0;0;0;0;0"
LT00005;0;0;0;0;0;0;0;0;0;0;0;0;0;0;"LT00005;0;0;0;0;0;0;0;0;0;0;0;0;0;0"
LT03485;0;0;0;0;0;0;0;0;0;0;0;0;0;0;"LT03485;0;0;0;0;0;0;0;0;0;0;0;0;0;0"
LT00859;0;0;0;4;0;0;0;0;0;0;0;0;0;0;"LT00859;0;0;0;4;0;0;0;0;0;0;0;0;0;0"
LT03712;0;0;0;6;0;0;0;0;0;0;0;0;0;0;"LT03712;0;0;0;6;0;0;0;0;0;0;0;0;0;0"
LT03129;0;0;0;0;0;0;0;0;0;0;0;0;0;0;"LT03129;0;0;0;0;0;0;0;0;0;0;0;0;0;0"
LT00555;0;0;0;4;0;0;0;0;0;0;0;0;0;0;"LT00555;0;0;0;4;0;0;0;0;0;0;0;0;0;0"
LT02356;0;0;0;0;0;0;0;0;0;0;0;0;0;0;"LT02356;0;0;0;0;0;0;0;0;0;0;0;0;0;0"
LT03855;0;0;0;0;0;0;0;0;0;0;0;0;0;0;"LT03855;0;0;0;0;0;0;0;0;0;0;0;0;0;0"
LT01269;0;0;0;4;0;0;0;0;0;0;0;0;0;0;"LT01269;0;0;0;4;0;0;0;0;0;0;0;0;0;0"
LT01369;0;0;0;4;0;0;0;0;0;0;0;0;0;0;"LT01369;0;0;0;4;0;0;0;0;0;0;0;0;0;0"
LT03320;0;0;0;12;0;0;0;0;0;0;0;0;0;0;"LT03320;0;0;0;12;0;0;0;0;0;0;0;0;0;0"
LT03799;0;0;0;0;0;0;0;0;0;0;0;0;0;0;"LT03799;0;0;0;0;0;0;0;0;0;0;0;0;0;0"
LT01509;0;0;0;0;0;0;0;0;0;0;0;0;0;0;"LT01509;0;0;0;0;0;0;0;0;0;0;0;0;0;0"
LT01511;0;0;0;0;0;0;0;0;0;0;0;0;0;0;"LT01511;0;0;0;0;0;0;0;0;0;0;0;0;0;0"
LT01512;0;0;0;0;0;0;0;0;0;0;0;0;0;0;"LT01512;0;0;0;0;0;0;0;0;0;0;0;0;0;0"
LT03736;0;0;0;0;0;0;0;0;0;0;0;0;0;0;"LT03736;0;0;0;0;0;0;0;0;0;0;0;0;0;0"
LT01378;0;0;0;12;0;0;0;0;0;0;0;0;0;0;"LT01378;0;0;0;12;0;0;0;0;0;0;0;0;0;0"
LT01382;0;0;0;10;0;0;0;0;0;0;0;0;0;0;"LT01382;0;0;0;10;0;0;0;0;0;0;0;0;0;0"
LT02504;0;0;0;6;0;0;0;0;0;0;0;0;0;0;"LT02504;0;0;0;6;0;0;0;0;0;0;0;0;0;0"
LT03512;0;0;0;10;0;0;0;0;0;0;0;0;0;0;"LT03512;0;0;0;10;0;0;0;0;0;0;0;0;0;0"
LT01513;0;0;0;0;0;0;0;0;0;0;0;0;0;0;"LT01513;0;0;0;0;0;0;0;0;0;0;0;0;0;0"
LT01515;0;0;0;2;0;0;0;0;0;0;0;0;0;0;"LT01515;0;0;0;2;0;0;0;0;0;0;0;0;0;0"
LT02703;0;0;0;0;0;0;0;0;0;0;0;0;0;0;"LT02703;0;0;0;0;0;0;0;0;0;0;0;0;0;0"
LT02704;0;0;0;2;0;0;0;0;0;0;0;0;0;0;"LT02704;0;0;0;2;0;0;0;0;0;0;0;0;0;0"
LT00671;0;0;0;0;0;0;0;0;0;0;0;0;0;0;"LT00671;0;0;0;0;0;0;0;0;0;0;0;0;0;0"
LT02706;0;0;0;0;0;0;0;0;0;0;0;0;0;0;"LT02706;0;0;0;0;0;0;0;0;0;0;0;0;0;0"
LT03221;0;0;0;0;0;0;0;0;0;0;0;0;0;0;"LT03221;0;0;0;0;0;0;0;0;0;0;0;0;0;0"
LT03810;0;0;0;0;0;0;0;0;0;0;0;0;0;0;"LT03810;0;0;0;0;0;0;0;0;0;0;0;0;0;0"
LT03806;0;0;0;0;0;0;0;0;0;0;0;0;0;0;"LT03806;0;0;0;0;0;0;0;0;0;0;0;0;0;0"
LT02512;0;0;0;8;0;0;0;0;0;0;0;0;0;0;"LT02512;0;0;0;8;0;0;0;0;0;0;0;0;0;0"
LT02355;0;0;0;0;0;0;0;0;0;0;0;0;0;0;"LT02355;0;0;0;0;0;0;0;0;0;0;0;0;0;0"
LT03097;0;0;0;2;0;0;0;0;0;0;0;0;0;0;"LT03097;0;0;0;2;0;0;0;0;0;0;0;0;0;0"
LT03678;0;0;0;0;0;0;0;0;0;0;0;0;0;0;"LT03678;0;0;0;0;0;0;0;0;0;0;0;0;0;0"
LT03644;0;0;0;8;0;0;0;0;0;0;0;0;0;0;"LT03644;0;0;0;8;0;0;0;0;0;0;0;0;0;0"
LT03355;0;0;0;12;0;0;0;0;0;0;0;0;0;0;"LT03355;0;0;0;12;0;0;0;0;0;0;0;0;0;0"
LT03373;0;0;0;12;0;0;0;0;0;0;0;0;0;0;"LT03373;0;0;0;12;0;0;0;0;0;0;0;0;0;0"
LT03374;0;0;0;12;0;0;0;0;0;0;0;0;0;0;"LT03374;0;0;0;12;0;0;0;0;0;0;0;0;0;0"
LT03170;0;0;0;0;0;0;0;0;0;0;0;0;0;0;"LT03170;0;0;0;0;0;0;0;0;0;0;0;0;0;0"
LT03808;0;0;0;0;0;0;0;0;0;0;0;0;0;0;"LT03808;0;0;0;0;0;0;0;0;0;0;0;0;0;0"
LT03809;0;0;0;0;0;0;0;0;0;0;0;0;0;0;"LT03809;0;0;0;0;0;0;0;0;0;0;0;0;0;0"
LT00043;0;0;0;12;0;0;0;0;0;0;0;0;0;0;"LT00043;0;0;0;12;0;0;0;0;0;0;0;0;0;0"
LT00152;0;0;0;12;0;0;0;0;0;0;0;0;0;0;"LT00152;0;0;0;12;0;0;0;0;0;0;0;0;0;0"
LT03169;0;0;0;10;0;0;0;0;0;0;0;0;0;0;"LT03169;0;0;0;10;0;0;0;0;0;0;0;0;0;0"
LT03723;0;0;0;6;0;0;0;0;0;0;0;0;0;0;"LT03723;0;0;0;6;0;0;0;0;0;0;0;0;0;0"
LT03098;0;0;0;4;0;0;0;0;0;0;0;0;0;0;"LT03098;0;0;0;4;0;0;0;0;0;0;0;0;0;0"
LT03100;0;0;0;0;0;0;0;0;0;0;0;0;0;0;"LT03100;0;0;0;0;0;0;0;0;0;0;0;0;0;0"
LT03318;0;0;0;12;0;0;0;0;0;0;0;0;0;0;"LT03318;0;0;0;12;0;0;0;0;0;0;0;0;0;0"
LT03552;0;0;0;2;0;0;0;0;0;0;0;0;0;0;"LT03552;0;0;0;2;0;0;0;0;0;0;0;0;0;0"
LT02655;0;0;0;0;0;0;0;0;0;0;0;0;0;0;"LT02655;0;0;0;0;0;0;0;0;0;0;0;0;0;0"
LT01372;0;0;0;6;0;0;0;0;0;0;0;0;0;0;"LT01372;0;0;0;6;0;0;0;0;0;0;0;0;0;0"
LT01146;0;0;0;2;0;0;0;0;0;0;0;0;0;0;"LT01146;0;0;0;2;0;0;0;0;0;0;0;0;0;0"
LT03501;0;0;0;12;0;0;0;0;0;0;0;0;0;0;"LT03501;0;0;0;12;0;0;0;0;0;0;0;0;0;0"
LT03588;0;0;0;4;0;0;0;0;0;0;0;0;0;0;"LT03588;0;0;0;4;0;0;0;0;0;0;0;0;0;0"
LT03679;0;0;0;0;0;0;0;0;0;0;0;0;0;0;"LT03679;0;0;0;0;0;0;0;0;0;0;0;0;0;0"
LT03737;0;0;0;4;0;0;0;0;0;0;0;0;0;0;"LT03737;0;0;0;4;0;0;0;0;0;0;0;0;0;0"
LT03807;0;0;0;0;0;0;0;0;0;0;0;0;0;0;"LT03807;0;0;0;0;0;0;0;0;0;0;0;0;0;0"
LT00063;0;0;0;8;0;0;0;0;0;0;0;0;0;0;"LT00063;0;0;0;8;0;0;0;0;0;0;0;0;0;0"
LT03642;0;0;0;8;0;0;0;0;0;0;0;0;0;0;"LT03642;0;0;0;8;0;0;0;0;0;0;0;0;0;0"
LT03779;0;0;0;0;0;0;0;0;0;0;0;0;0;0;"LT03779;0;0;0;0;0;0;0;0;0;0;0;0;0;0"
LT02971;0;0;0;12;0;0;0;0;0;0;0;0;0;0;"LT02971;0;0;0;12;0;0;0;0;0;0;0;0;0;0"
LT01282;0;0;0;12;0;0;0;0;0;0;0;0;0;0;"LT01282;0;0;0;12;0;0;0;0;0;0;0;0;0;0"
LT03657;0;0;0;2;0;0;0;0;0;0;0;0;0;0;"LT03657;0;0;0;2;0;0;0;0;0;0;0;0;0;0"
LT03780;0;0;0;0;0;0;0;0;0;0;0;0;0;0;"LT03780;0;0;0;0;0;0;0;0;0;0;0;0;0;0"
LT03161;0;0;0;12;0;0;0;0;0;0;0;0;0;0;"LT03161;0;0;0;12;0;0;0;0;0;0;0;0;0;0"
LT00696;0;0;0;0;0;0;0;0;0;0;0;0;0;0;"LT00696;0;0;0;0;0;0;0;0;0;0;0;0;0;0"
LT02850;0;0;0;8;0;0;0;0;0;0;0;0;0;0;"LT02850;0;0;0;8;0;0;0;0;0;0;0;0;0;0"
LT03852;0;0;0;0;0;0;0;0;0;0;0;0;0;0;"LT03852;0;0;0;0;0;0;0;0;0;0;0;0;0;0"
LT03853;0;0;0;0;0;0;0;0;0;0;0;0;0;0;"LT03853;0;0;0;0;0;0;0;0;0;0;0;0;0;0"
LT01216;0;0;0;2;0;0;0;0;0;0;0;0;0;0;"LT01216;0;0;0;2;0;0;0;0;0;0;0;0;0;0"
LT01373;0;0;0;4;0;0;0;0;0;0;0;0;0;0;"LT01373;0;0;0;4;0;0;0;0;0;0;0;0;0;0"
LT01371;0;0;0;10;0;0;0;0;0;0;0;0;0;0;"LT01371;0;0;0;10;0;0;0;0;0;0;0;0;0;0"
LT01514;0;0;0;0;0;0;0;0;0;0;0;0;0;0;"LT01514;0;0;0;0;0;0;0;0;0;0;0;0;0;0"
LT02853;0;0;0;0;0;0;0;0;0;0;0;0;0;0;"LT02853;0;0;0;0;0;0;0;0;0;0;0;0;0;0"
LT03627;0;0;0;10;0;0;0;0;0;0;0;0;0;0;"LT03627;0;0;0;10;0;0;0;0;0;0;0;0;0;0"
LT03628;0;0;0;10;0;0;0;0;0;0;0;0;0;0;"LT03628;0;0;0;10;0;0;0;0;0;0;0;0;0;0"
LT03790;0;0;0;0;0;0;0;0;0;0;0;0;0;0;"LT03790;0;0;0;0;0;0;0;0;0;0;0;0;0;0"
LT03468;0;0;0;12;0;0;0;0;0;0;0;0;0;0;"LT03468;0;0;0;12;0;0;0;0;0;0;0;0;0;0"
LT03469;0;0;0;12;0;0;0;0;0;0;0;0;0;0;"LT03469;0;0;0;12;0;0;0;0;0;0;0;0;0;0"
LT03149;0;0;0;0;0;0;0;0;0;0;0;0;0;0;"LT03149;0;0;0;0;0;0;0;0;0;0;0;0;0;0"
LT00653;0;0;0;6;0;0;0;0;0;0;0;0;0;0;"LT00653;0;0;0;6;0;0;0;0;0;0;0;0;0;0"
LT03133;0;0;0;12;0;0;0;0;0;0;0;0;0;0;"LT03133;0;0;0;12;0;0;0;0;0;0;0;0;0;0"
LT00260;0;0;0;6;0;0;0;0;0;0;0;0;0;0;"LT00260;0;0;0;6;0;0;0;0;0;0;0;0;0;0"
LT03520;0;0;0;10;0;0;0;0;0;0;0;0;0;0;"LT03520;0;0;0;10;0;0;0;0;0;0;0;0;0;0"
LT02929;0;0;0;12;0;0;0;0;0;0;0;0;0;0;"LT02929;0;0;0;12;0;0;0;0;0;0;0;0;0;0"
LT03791;0;0;0;0;0;0;0;0;0;0;0;0;0;0;"LT03791;0;0;0;0;0;0;0;0;0;0;0;0;0;0"
LT03171;0;0;0;0;0;0;0;0;0;0;0;0;0;0;"LT03171;0;0;0;0;0;0;0;0;0;0;0;0;0;0"
LT03292;0;0;0;0;0;0;0;0;0;0;0;0;0;0;"LT03292;0;0;0;0;0;0;0;0;0;0;0;0;0;0"
LT03489;0;0;0;12;0;0;0;0;0;0;0;0;0;0;"LT03489;0;0;0;12;0;0;0;0;0;0;0;0;0;0"
LT02511;0;0;0;0;0;0;0;0;0;0;0;0;0;0;"LT02511;0;0;0;0;0;0;0;0;0;0;0;0;0;0"
LT01483;0;0;0;0;0;0;0;0;0;0;0;0;0;0;"LT01483;0;0;0;0;0;0;0;0;0;0;0;0;0;0"
LT01482;0;0;0;0;0;0;0;0;0;0;0;0;0;0;"LT01482;0;0;0;0;0;0;0;0;0;0;0;0;0;0"
LT03612;0;0;0;10;0;0;0;0;0;0;0;0;0;0;"LT03612;0;0;0;10;0;0;0;0;0;0;0;0;0;0"
LT00272;0;0;0;0;0;0;0;0;0;0;0;0;0;0;"LT00272;0;0;0;0;0;0;0;0;0;0;0;0;0;0"
LT00572;0;0;0;2;0;0;0;0;0;0;0;0;0;0;"LT00572;0;0;0;2;0;0;0;0;0;0;0;0;0;0"
LT00573;0;0;0;0;0;0;0;0;0;0;0;0;0;0;"LT00573;0;0;0;0;0;0;0;0;0;0;0;0;0;0"